id,source,stage,tempC,windKph,cloudPct,rainMm,riverFlowCumec,efficiencyPct,vibration,ageYears,lastServiceDays,batteryHealth,socPct,emergencyPct,txLossPct,devPct,producedKW,storedKW,problem_class,severity,solution_id
0,solar,storage,30.1,57.3,13,15.7,189,81.7,6.3,18,379,86,76.3,15.5,4.12,5.89,3.65,3.16,0,low,0
1,wind,forecast,37.6,76.0,86,0,119,98.2,7.4,13,386,87,65.6,18.6,2.17,10.48,3.38,3.02,4,medium,7
2,hydro,storage,18.6,78.8,46,0,258,82.8,4.0,4,222,87,81.2,21.9,12.38,4.74,2.89,2.68,0,low,0
3,hydro,distribution,30.3,89.0,73,3.7,42,97.5,4.2,4,372,94,45.8,5.3,12.5,7.63,4.47,3.88,3,medium,5
4,hydro,distribution,35.1,105.6,69,2.9,108,81.4,5.2,16,210,82,24.2,21.1,1.12,11.1,2.02,1.98,0,low,9
5,hydro,distribution,26.6,23.6,88,0,241,79.4,3.5,2,153,75,48.5,20.7,6.7,4.76,4.01,3.99,0,low,0
6,solar,distribution,38.2,53.7,8,0,124,63.8,6.0,14,79,83,92.1,4.1,6.87,8.16,3.41,3.33,0,low,9
7,solar,production,20.9,6.8,69,14.4,192,73.9,0.0,19,299,86,70.5,23.6,8.1,1.18,3.16,2.75,1,critical,2
8,hydro,storage,20.0,74.2,17,6.7,108,79.8,3.1,5,271,67,40.7,24.1,6.06,11.2,1.76,1.72,2,critical,4
9,solar,forecast,30.2,37.4,38,0,157,97.0,4.6,6,83,92,54.4,12.0,5.37,8.78,3.59,3.42,3,low,0
10,solar,production,19.1,60.8,6,0,78,78.9,5.4,1,71,96,55.3,20.1,7.72,7.5,4.85,4.24,1,critical,2
11,wind,storage,28.2,46.7,10,0,74,70.3,4.0,14,152,84,21.8,13.9,6.78,7.02,3.35,3.11,2,medium,3
12,solar,production,23.6,105.0,58,0,230,92.5,6.8,6,18,77,85.4,10.1,9.93,1.68,4.27,3.77,1,critical,2
13,wind,production,31.7,62.8,85,0,97,63.8,3.5,4,355,58,77.1,18.6,3.41,2.89,3.71,3.44,1,critical,2
14,solar,storage,40.4,19.4,32,10.6,259,95.3,2.1,1,34,61,27.3,9.1,2.22,6.77,3.46,3.45,2,critical,4
15,wind,distribution,32.6,72.7,78,10.9,185,68.4,3.7,4,356,78,86.8,17.7,13.01,5.69,2.86,2.84,3,medium,5
16,hydro,distribution,39.1,32.4,42,0,234,95.7,2.4,14,168,92,90.8,14.5,5.45,21.1,3.46,3.32,5,critical,8
17,hydro,forecast,20.8,15.6,45,0,107,61.1,4.6,12,217,79,40.8,19.9,9.61,6.78,4.21,3.69,5,low,8
18,hydro,distribution,39.3,87.0,29,9.4,152,76.3,7.7,5,325,92,13.5,6.1,1.49,4.82,4.53,4.41,0,low,0
19,wind,storage,19.4,92.8,80,11.9,86,86.5,6.9,13,367,78,95.3,7.3,11.78,2.92,2.7,2.38,2,critical,4
20,hydro,distribution,31.2,53.2,100,0,70,84.5,1.2,1,186,88,71.7,20.3,9.31,1.37,1.79,1.62,3,medium,5
21,solar,forecast,42.0,4.0,27,10.2,108,82.3,7.6,13,280,88,82.1,17.2,13.55,4.74,1.87,1.63,4,medium,7
22,hydro,storage,25.5,81.6,84,4.1,104,71.5,2.3,5,203,67,97.7,16.5,12.02,0.05,3.77,3.74,2,critical,4
23,hydro,production,35.3,5.2,40,0,257,64.6,5.3,1,196,59,40.0,7.0,3.0,2.98,3.64,3.16,1,critical,2
24,wind,forecast,39.0,80.5,48,2.5,60,73.6,7.3,4,289,88,28.5,10.2,11.6,9.91,4.71,4.25,0,low,7
25,wind,storage,36.1,26.4,41,0,112,95.4,5.8,16,211,75,21.8,20.5,3.86,7.69,3.91,3.53,2,medium,3
26,wind,distribution,23.1,49.7,72,0.7,98,72.8,0.9,9,232,71,18.8,16.4,4.05,0.95,4.9,4.58,0,low,0
27,wind,distribution,33.2,45.1,70,0.5,116,63.7,6.1,16,352,95,95.5,17.4,8.1,6.25,2.23,2.01,3,medium,5
28,wind,production,18.3,62.4,32,10.2,186,76.2,6.2,16,252,76,6.1,19.4,9.27,10.74,3.81,3.78,1,critical,2
29,solar,distribution,30.4,69.3,47,13.8,167,90.0,7.9,5,173,69,94.6,6.7,9.75,9.12,3.97,3.42,3,medium,5
30,hydro,production,20.6,31.3,53,12.7,161,98.6,7.9,16,341,97,37.4,10.0,8.89,6.44,2.39,2.35,1,critical,2
31,solar,distribution,21.2,53.9,46,2.7,80,74.3,4.1,13,160,68,60.3,20.7,12.22,15.74,4.04,3.83,5,critical,8
32,wind,distribution,32.8,94.1,66,0,199,73.2,1.4,18,94,71,96.6,24.1,7.86,0.6,4.54,4.29,0,low,0
33,solar,forecast,29.1,24.6,65,5.6,84,90.9,2.2,16,74,90,69.5,21.7,5.73,1.13,3.78,3.52,4,medium,7
34,solar,production,32.6,78.1,19,2.4,238,91.2,4.6,2,148,74,94.4,6.1,4.48,0.32,3.39,3.06,1,critical,2
35,solar,forecast,36.0,75.4,52,0,169,97.3,2.4,17,191,89,13.7,17.6,6.29,2.3,4.65,4.05,0,low,0
36,wind,forecast,19.4,40.1,90,0,114,89.5,1.3,7,51,82,68.0,6.6,11.94,8.23,2.34,2.22,4,medium,7
37,wind,production,30.9,96.0,92,0,210,68.2,2.5,15,291,93,50.8,22.2,3.74,10.4,2.18,2.1,1,critical,2
38,hydro,production,20.8,24.0,55,10.2,139,61.2,7.8,9,152,78,42.8,13.0,6.98,19.8,2.46,2.22,1,critical,2
39,solar,production,41.3,51.2,77,1.3,208,86.1,2.6,9,354,60,48.8,10.0,11.74,2.37,3.34,3.1,1,medium,1
40,wind,storage,18.9,65.7,8,0,57,75.1,5.2,19,238,94,50.5,2.5,12.68,2.67,1.97,1.71,2,critical,4
41,hydro,storage,18.4,7.0,9,3.2,217,97.6,7.2,5,162,85,28.0,18.5,7.09,4.49,2.35,2.08,0,low,0
42,wind,distribution,19.0,28.9,23,0,180,78.6,3.1,17,13,86,94.8,10.8,1.44,8.51,3.13,2.73,0,low,9
43,hydro,storage,24.4,48.6,94,0,252,80.3,7.6,4,293,78,81.6,15.5,8.21,0.84,3.1,3.01,2,medium,3
44,wind,distribution,41.4,28.4,6,1.9,164,70.4,3.0,9,90,57,25.8,21.4,11.44,16.53,3.47,3.42,5,critical,7
45,hydro,forecast,41.0,99.4,24,0,42,71.4,1.3,3,147,68,5.7,16.2,1.57,11.1,4.74,4.08,4,critical,7
46,hydro,production,31.1,57.8,69,4.1,168,73.7,4.3,15,49,70,8.0,11.5,8.23,16.93,3.04,2.87,5,critical,8
47,solar,storage,27.6,108.2,83,4.7,118,62.9,6.0,19,269,70,83.2,12.9,10.01,6.69,3.9,3.5,2,critical,4
48,solar,production,18.0,43.0,89,0,175,73.2,7.5,3,385,98,61.2,17.0,4.09,4.09,2.82,2.5,1,critical,2
49,hydro,production,25.4,59.4,3,0,212,77.9,0.8,16,389,65,62.7,13.6,9.61,13.55,1.9,1.65,5,critical,8
50,wind,storage,18.5,67.7,19,0,143,82.9,0.8,11,232,59,85.3,23.9,6.7,10.66,3.05,3.02,2,critical,4
51,wind,distribution,29.3,94.9,21,11.1,82,68.3,5.6,13,120,99,68.1,5.8,2.32,9.26,2.85,2.68,0,low,9
52,wind,production,32.8,34.7,69,0,97,73.6,7.4,8,94,87,33.7,18.9,11.72,2.38,2.55,2.49,1,critical,2
53,solar,distribution,41.7,70.7,87,9.4,39,91.2,4.1,18,157,81,26.5,17.9,12.46,6.18,4.59,4.55,3,medium,5
54,hydro,storage,38.0,39.9,49,1.7,164,76.7,5.0,12,129,90,60.5,10.2,10.66,3.81,4.55,3.94,0,low,0
55,wind,distribution,29.3,89.9,55,0,169,63.3,0.8,7,208,62,48.4,10.0,7.71,3.45,4.59,3.97,0,low,0
56,wind,forecast,20.3,9.2,43,0,135,63.9,0.8,7,288,86,37.4,6.2,2.13,2.54,2.33,2.14,4,medium,7
57,solar,distribution,36.1,16.1,2,0,46,77.2,0.5,16,184,61,99.8,11.4,6.57,2.75,1.74,1.67,0,low,0
58,wind,forecast,26.4,20.2,18,0,96,90.3,3.5,4,360,69,39.7,19.3,6.34,3.44,3.72,3.48,0,low,0
59,wind,distribution,38.6,95.6,39,4.5,164,67.1,3.4,2,289,94,28.9,12.6,6.37,17.0,4.48,3.98,3,critical,6
60,hydro,distribution,21.9,90.0,39,9.6,253,83.7,0.0,7,312,93,37.1,9.3,12.97,2.23,3.73,3.54,3,medium,5
61,wind,distribution,32.6,75.0,47,20.1,223,86.5,4.7,19,198,77,6.4,10.2,10.56,12.07,4.27,4.13,5,critical,8
62,solar,forecast,38.7,33.7,69,4.1,114,76.8,3.1,9,6,68,25.7,3.8,3.3,0.65,3.98,3.94,4,medium,7
63,hydro,distribution,20.5,68.2,66,1.2,62,64.2,3.3,4,360,59,91.2,20.3,1.93,2.27,3.56,3.42,0,low,0
64,solar,distribution,41.3,62.7,3,3.6,134,96.0,4.5,15,102,58,44.4,5.4,9.31,9.92,4.95,4.33,3,medium,5
65,solar,forecast,28.9,64.0,61,0,230,60.0,6.2,4,70,82,23.2,24.2,7.01,7.6,3.67,3.23,4,medium,7
66,hydro,storage,18.7,13.1,59,0,49,93.4,0.1,19,348,60,31.3,7.0,5.42,8.33,1.82,1.69,2,critical,4
67,hydro,forecast,34.6,52.1,44,6.7,73,65.8,4.4,4,204,71,60.9,12.8,3.48,9.75,4.16,4.12,0,low,9
68,hydro,production,33.0,33.0,68,12.7,246,96.5,5.8,16,330,57,92.1,5.5,6.91,6.71,4.61,4.57,1,critical,2
69,solar,storage,21.0,106.5,53,9.3,106,65.1,7.5,2,39,73,76.9,4.1,3.62,6.66,2.21,2.06,2,critical,3
70,solar,storage,20.3,55.9,66,9.4,168,89.1,1.8,12,351,91,73.1,23.5,7.35,5.02,3.0,2.83,0,low,0
71,wind,production,31.0,29.4,81,0,167,93.5,0.6,1,226,84,93.7,3.2,8.78,2.06,3.15,3.09,1,medium,1
72,solar,storage,41.0,30.5,31,0,101,98.5,3.7,1,67,57,75.3,14.1,5.56,8.71,2.88,2.79,2,critical,4
73,solar,storage,22.3,83.1,36,0,140,67.8,3.2,12,115,93,56.6,15.7,10.98,7.5,4.85,4.31,5,medium,9
74,hydro,production,35.6,89.2,100,1.3,79,88.8,1.5,15,95,69,73.6,7.2,5.01,6.64,2.92,2.85,2,low,4
75,hydro,forecast,33.1,31.8,99,0,47,89.7,7.1,17,225,75,44.8,4.8,9.92,6.39,1.92,1.65,4,medium,7
76,solar,storage,37.4,100.7,28,1.9,33,86.5,7.3,19,145,85,31.5,24.6,10.76,14.42,4.98,4.29,5,critical,8
77,wind,distribution,18.2,44.2,11,0,173,86.9,5.9,1,40,58,89.0,24.5,1.56,0.81,2.6,2.26,0,low,0
78,hydro,forecast,28.6,7.5,96,4.5,81,97.9,0.3,15,21,67,8.4,14.1,7.55,0.15,3.07,2.85,4,medium,7
79,wind,distribution,38.5,99.0,39,0,50,60.2,0.2,17,128,57,9.7,9.0,9.19,7.83,1.51,1.29,3,medium,5
80,solar,distribution,41.1,96.6,63,17.2,75,91.8,2.0,2,46,63,44.8,3.0,10.16,12.88,4.24,4.1,3,critical,6
81,solar,storage,36.9,67.2,22,0,82,83.2,4.1,7,105,86,10.8,5.0,7.33,0.93,4.51,4.18,2,critical,4
82,hydro,forecast,21.2,65.1,76,0,155,96.1,5.3,16,179,75,29.7,22.8,1.73,5.06,2.88,2.87,4,medium,7
83,solar,distribution,30.0,86.9,66,13.5,111,82.7,1.6,18,376,60,18.1,4.7,12.62,16.05,4.63,4.62,3,critical,6
84,solar,distribution,27.5,18.4,21,0,249,83.9,7.8,1,275,100,94.0,18.2,5.03,5.74,3.71,3.17,0,low,0
85,wind,production,30.5,104.0,88,16.9,204,91.1,5.1,12,27,79,10.7,25.0,2.56,2.31,4.95,4.64,1,critical,2
86,solar,storage,20.9,15.0,68,6.6,89,89.2,1.1,6,201,92,39.6,19.1,10.48,5.11,2.18,2.06,0,low,0
87,solar,distribution,27.5,5.5,65,11.2,180,75.7,0.9,4,102,88,96.3,11.2,6.93,11.95,1.57,1.36,0,low,9
88,hydro,distribution,32.4,38.1,33,4.7,228,75.4,2.5,11,22,59,24.1,23.7,5.7,12.0,1.68,1.61,0,low,9
89,wind,production,39.1,79.7,9,0.2,225,78.5,7.7,4,91,72,26.5,16.5,1.95,11.47,2.69,2.43,1,critical,2
90,hydro,distribution,41.5,3.7,13,0.5,129,63.0,1.6,1,79,66,38.3,5.6,5.61,8.37,2.05,1.86,0,low,9
91,solar,storage,30.8,16.8,83,3.0,160,98.4,2.3,19,14,88,17.7,6.9,7.62,7.49,4.08,3.51,2,critical,4
92,solar,forecast,39.7,16.1,22,14.6,235,80.4,5.3,13,109,86,80.3,23.6,7.92,0.09,3.2,2.74,4,medium,7
93,wind,storage,39.8,32.9,49,0,203,65.9,1.1,15,225,72,84.3,3.6,10.17,3.24,3.65,3.59,2,critical,4
94,wind,storage,24.1,70.3,51,0,221,78.2,1.8,8,205,58,67.9,9.8,4.7,7.27,2.88,2.86,3,critical,0
95,wind,distribution,24.4,25.8,26,0,246,86.3,1.3,18,252,84,15.4,16.3,12.99,3.11,2.9,2.58,3,medium,5
96,hydro,storage,37.4,6.8,31,1.2,136,81.0,6.6,5,220,79,99.0,23.1,7.21,4.41,2.86,2.69,2,medium,3
97,solar,distribution,35.4,61.0,63,0,199,96.9,2.0,14,92,66,8.2,16.4,12.51,2.35,2.93,2.64,3,medium,5
98,hydro,distribution,20.1,2.7,99,0,157,75.9,0.2,6,392,87,82.2,5.8,1.16,0.04,3.23,3.2,0,low,0
99,wind,production,41.7,58.3,39,6.7,66,62.0,3.0,5,146,72,25.6,21.5,11.09,11.57,2.46,2.44,1,critical,2
100,solar,production,33.1,14.2,89,0,182,66.2,2.3,12,115,73,33.4,16.8,8.85,5.2,3.8,3.48,1,critical,2
101,solar,forecast,30.8,65.9,4,4.6,48,65.0,3.5,13,266,81,94.8,5.6,12.41,0.67,3.13,2.7,4,medium,7
102,solar,production,39.1,31.5,62,13.0,258,97.5,1.0,20,196,64,63.5,3.3,4.82,9.59,2.68,2.66,1,critical,2
103,hydro,production,29.3,54.7,51,4.5,140,93.5,0.3,14,373,71,34.9,24.9,1.92,10.09,2.52,2.37,1,medium,1
104,wind,forecast,37.9,63.9,46,8.2,114,88.8,7.3,1,239,95,30.5,14.0,2.5,3.33,2.5,2.17,1,low,3
105,solar,storage,28.3,29.8,87,15.4,80,95.0,4.1,3,316,76,83.7,19.9,13.08,6.01,2.97,2.93,0,medium,1
106,hydro,storage,35.1,104.1,33,1.9,56,98.7,7.5,12,385,97,28.5,16.5,2.74,6.39,1.74,1.65,2,medium,3
107,hydro,forecast,38.5,67.9,21,17.5,170,85.0,5.0,2,150,92,62.4,7.7,1.98,0.36,2.55,2.25,0,low,0
108,solar,distribution,33.5,83.8,72,0,136,80.5,7.2,10,77,72,48.8,8.1,10.34,24.5,1.54,1.44,5,critical,8
109,hydro,forecast,35.6,41.9,66,13.4,221,91.5,1.1,11,97,89,30.9,24.6,6.65,8.55,4.98,4.83,4,medium,7
110,solar,storage,18.7,39.2,10,5.0,122,60.9,4.7,10,85,81,66.6,16.8,8.03,12.0,1.92,1.72,2,medium,3
111,solar,distribution,32.7,100.4,34,3.3,100,77.9,3.5,7,349,90,54.3,11.3,8.37,5.65,3.38,3.03,3,medium,5
112,hydro,storage,19.8,48.6,8,7.8,196,69.9,7.8,14,319,95,34.8,23.7,2.36,1.22,2.45,2.38,0,low,0
113,wind,storage,35.5,108.7,14,0,225,73.6,3.5,4,258,64,96.3,8.4,6.04,3.21,2.54,2.22,2,critical,4
114,solar,production,30.0,31.0,43,19.0,240,81.6,6.5,12,325,84,77.5,20.5,6.77,18.56,1.72,1.59,5,critical,8
115,wind,distribution,36.6,15.0,76,0,195,73.5,3.9,14,224,55,76.1,10.3,10.91,7.65,3.74,3.29,3,medium,5
116,hydro,distribution,29.7,60.4,92,0,47,75.3,1.5,10,270,84,11.4,12.4,7.77,4.24,4.76,4.34,0,low,0
117,solar,production,18.3,63.2,56,5.1,43,68.0,2.6,11,21,75,55.4,12.9,7.39,7.35,3.27,3.27,1,critical,2
118,wind,storage,29.4,11.4,14,18.8,179,94.9,1.4,20,114,88,23.1,12.3,13.41,1.93,4.55,4.06,0,low,0
119,hydro,storage,23.1,94.8,15,0.5,192,80.1,1.5,13,251,99,98.8,13.1,4.99,8.27,3.14,2.73,2,medium,3
120,wind,storage,21.3,108.5,98,16.4,154,78.7,1.8,15,143,71,88.1,20.3,4.85,4.87,4.38,4.1,2,critical,4
121,solar,production,25.4,102.6,26,12.7,242,68.3,2.7,3,267,68,92.3,4.3,4.77,11.36,3.66,3.29,1,critical,2
122,wind,forecast,36.8,37.2,68,0,196,78.4,7.8,12,359,64,7.3,18.6,4.88,6.87,2.0,1.81,5,medium,6
123,solar,distribution,39.7,69.4,43,0,221,83.9,0.5,16,43,58,99.6,10.3,8.01,2.31,4.21,3.8,3,medium,5
124,wind,forecast,25.8,12.1,80,0.4,246,84.5,3.6,10,202,75,87.5,24.2,6.84,3.84,2.13,1.86,4,medium,7
125,hydro,production,19.2,83.5,19,0,186,91.4,4.2,17,92,69,27.4,20.5,3.72,7.77,4.28,3.86,1,critical,2
126,hydro,forecast,34.6,14.3,78,13.2,124,72.7,7.0,10,291,70,80.4,8.5,4.49,13.14,3.81,3.28,4,medium,7
127,hydro,storage,32.9,22.5,77,9.6,168,63.4,0.4,7,369,81,13.7,6.4,8.22,3.48,2.24,2.12,2,critical,4
128,solar,distribution,30.3,36.1,66,3.2,217,89.5,7.8,18,116,97,50.0,4.6,5.44,1.71,3.53,3.3,0,low,0
129,solar,storage,29.4,76.6,58,15.8,79,61.0,0.1,2,280,79,96.3,12.3,3.94,6.55,2.97,2.89,2,medium,3
130,wind,storage,41.4,47.5,70,3.9,60,61.8,5.5,4,255,65,43.5,8.3,9.84,1.45,2.09,2.07,2,critical,4
131,wind,production,39.5,44.8,82,0,219,90.9,5.3,5,213,56,39.5,17.6,10.25,10.0,3.34,3.09,1,critical,2
132,hydro,production,30.5,90.4,75,1.4,144,78.6,4.8,8,49,83,37.6,2.7,13.77,3.03,2.86,2.48,1,critical,2
133,wind,distribution,25.3,31.0,57,0,91,79.5,4.0,4,243,84,72.2,18.2,3.46,5.26,2.51,2.18,0,low,0
134,hydro,distribution,41.0,42.9,23,0,142,73.0,6.0,9,56,76,99.2,13.3,9.65,7.46,2.26,1.98,3,medium,5
135,hydro,production,28.1,74.2,87,3.6,238,90.5,2.1,4,291,60,16.4,13.6,11.74,2.97,2.24,2.06,1,medium,1
136,solar,storage,25.5,74.0,81,1.6,85,67.0,3.3,17,251,56,49.4,18.3,4.74,7.17,3.93,3.73,2,critical,4
137,hydro,forecast,28.9,47.3,61,0,256,89.8,4.0,6,196,77,64.7,18.7,9.84,14.09,2.64,2.42,4,medium,7
138,wind,forecast,19.2,11.2,7,0.2,129,97.0,3.5,15,111,81,47.4,11.8,12.71,0.38,3.64,3.13,4,medium,7
139,hydro,distribution,36.3,9.6,34,0,175,80.0,2.2,1,321,93,25.0,19.1,11.09,0.47,3.48,3.45,3,medium,5
140,wind,distribution,39.2,16.7,45,1.9,41,69.9,0.9,18,164,96,85.5,23.4,1.39,5.75,4.33,3.78,0,low,0
141,hydro,storage,40.6,106.7,38,6.0,156,98.6,6.9,10,12,64,38.2,4.3,6.51,15.86,3.17,3.14,5,critical,8
142,solar,storage,20.7,66.2,5,2.4,232,94.8,7.8,3,376,70,50.7,3.0,13.46,6.12,3.59,3.36,2,critical,4
143,hydro,forecast,27.5,105.2,17,15.1,103,82.1,0.9,15,335,56,47.9,22.5,10.47,1.55,2.54,2.44,4,critical,7
144,solar,storage,34.7,15.8,21,10.3,36,84.5,7.8,11,48,91,46.6,20.7,4.52,3.28,2.5,2.33,0,low,0
145,solar,forecast,27.7,60.8,76,0,161,96.2,0.8,14,95,59,91.7,8.0,2.47,0.45,2.33,2.09,4,medium,7
146,wind,distribution,26.8,6.0,45,18.5,186,79.1,5.0,15,195,83,34.2,14.2,8.05,7.83,1.63,1.4,3,medium,5
147,solar,production,41.4,16.4,78,8.1,140,74.6,2.1,16,260,60,17.0,7.4,11.15,2.3,2.06,2.01,1,critical,2
148,wind,production,18.9,30.9,31,8.5,132,64.5,4.4,9,395,74,87.8,6.3,6.18,19.3,4.49,3.84,5,critical,8
149,solar,forecast,34.7,43.4,54,14.4,195,72.7,2.7,19,329,69,72.1,14.6,5.3,12.82,4.39,4.06,2,medium,6
150,wind,distribution,28.0,15.8,54,0.4,176,63.5,5.3,18,56,62,30.8,24.8,5.98,6.97,4.64,4.47,1,low,5
151,hydro,production,33.5,53.3,48,16.2,78,67.9,4.6,18,173,61,8.5,3.1,8.4,3.08,4.11,3.61,1,critical,2
152,solar,forecast,39.0,28.7,29,0,150,66.0,0.1,18,129,100,79.8,12.4,10.8,11.22,4.15,3.9,0,low,9
153,solar,storage,22.6,66.6,43,0,254,85.5,6.2,4,215,87,51.2,5.2,9.24,19.78,2.42,2.1,5,critical,8
154,solar,forecast,39.0,94.7,14,7.6,55,97.3,5.8,13,286,71,32.0,10.0,9.13,5.99,3.93,3.49,2,critical,7
155,solar,production,24.6,5.1,68,6.4,252,97.6,2.4,19,162,94,11.1,16.5,2.33,19.23,1.51,1.29,1,critical,2
156,wind,production,18.8,95.7,3,3.7,213,83.0,7.8,1,181,98,88.7,9.8,10.72,1.69,1.73,1.5,1,critical,2
157,wind,storage,21.4,6.5,82,0.3,69,60.1,1.6,2,389,84,41.3,4.3,2.65,12.24,3.53,3.44,5,critical,8
158,wind,storage,27.1,106.0,97,2.3,54,60.8,6.8,11,120,57,52.4,2.3,9.97,1.63,1.54,1.54,2,critical,4
159,hydro,production,29.9,95.4,12,11.8,259,78.7,6.0,6,72,74,74.8,21.1,11.53,4.63,2.49,2.44,2,critical,2
160,hydro,production,33.7,86.9,11,10.0,31,86.9,5.8,14,142,72,8.6,14.9,7.79,21.41,3.61,3.41,5,critical,8
161,wind,distribution,36.5,14.7,22,8.2,230,74.8,2.9,14,345,98,71.7,15.2,5.67,4.35,1.85,1.73,0,low,0
162,solar,production,20.7,6.4,59,7.1,243,72.5,3.9,12,354,57,61.9,2.7,10.85,3.28,2.37,2.35,1,critical,2
163,wind,production,25.9,68.7,57,5.4,149,77.4,7.6,9,145,56,39.2,8.9,3.8,3.91,1.86,1.74,1,critical,2
164,hydro,forecast,18.8,80.8,93,10.0,72,65.9,7.1,1,275,76,95.2,11.9,10.64,5.4,4.48,3.97,4,medium,7
165,solar,storage,38.0,33.4,19,0,116,88.5,5.3,15,70,62,24.8,10.6,6.57,3.27,4.68,4.51,2,critical,4
166,wind,storage,18.2,78.5,52,1.3,142,62.1,1.9,14,299,97,62.0,11.0,3.51,6.65,2.89,2.7,0,low,0
167,wind,storage,37.6,81.9,27,2.1,157,73.1,6.7,13,26,98,24.7,21.7,8.64,7.65,4.53,4.33,5,medium,9
168,solar,production,29.8,18.4,89,0,49,69.2,3.9,11,329,86,12.3,3.1,4.42,4.66,2.4,2.08,1,critical,2
169,wind,storage,26.1,20.5,98,15.4,219,65.3,4.2,7,314,76,60.4,13.8,9.03,0.16,4.73,4.15,2,medium,3
170,hydro,production,20.5,68.4,12,0,32,88.0,3.6,12,77,60,91.3,24.9,2.17,2.45,4.6,4.41,0,low,0
171,wind,production,34.7,77.5,87,7.3,178,82.4,6.8,11,366,91,41.3,24.5,11.03,4.89,2.97,2.94,2,critical,4
172,hydro,storage,38.6,56.2,34,0.2,192,88.6,3.1,14,349,66,36.5,15.2,10.42,1.15,4.71,4.52,2,critical,4
173,solar,distribution,39.8,84.7,26,0,109,81.9,2.0,18,212,69,43.1,19.0,10.19,12.67,3.4,2.91,5,critical,8
174,solar,storage,31.6,35.6,45,12.2,165,64.7,4.1,3,75,56,93.8,17.2,1.97,14.78,3.17,3.06,5,critical,2
175,wind,forecast,19.0,37.2,15,1.8,183,69.5,5.2,6,150,60,6.1,2.3,1.63,19.03,3.21,2.86,5,critical,8
176,hydro,distribution,18.5,104.1,10,10.8,131,77.7,6.1,8,60,88,88.5,10.3,10.55,2.94,4.03,3.48,3,medium,5
177,solar,production,26.2,34.3,80,8.5,150,84.8,2.3,12,168,72,36.9,15.3,11.46,15.49,2.49,2.37,5,critical,8
178,hydro,forecast,19.8,15.1,40,14.8,152,97.8,4.3,15,332,98,86.8,17.6,7.53,12.3,4.13,3.54,0,low,9
179,hydro,distribution,41.8,30.0,11,0,247,74.6,3.4,1,121,57,95.7,8.5,9.12,7.14,1.8,1.66,3,medium,5
180,solar,forecast,35.5,32.3,41,0,133,96.1,7.9,10,349,99,42.1,15.0,7.5,1.29,4.29,3.98,0,low,0
181,wind,storage,22.8,14.4,21,0,99,77.8,5.2,18,202,56,30.8,18.5,13.2,5.98,1.91,1.9,2,critical,4
182,hydro,distribution,35.8,108.1,23,0.8,46,74.2,7.9,9,129,88,96.4,18.3,8.7,16.91,2.24,2.18,5,critical,8
183,hydro,production,24.4,14.3,4,4.5,74,79.5,0.7,5,248,65,92.0,8.0,4.04,18.34,3.81,3.77,1,medium,1
184,hydro,distribution,37.7,71.1,67,1.1,197,90.9,2.1,16,23,78,51.5,9.2,4.57,4.91,3.37,3.36,0,low,0
185,wind,forecast,29.9,68.9,22,0,89,82.5,0.9,3,260,57,77.1,15.9,12.04,3.05,2.75,2.69,0,low,0
186,hydro,distribution,38.7,64.1,84,0,98,83.1,5.6,12,6,94,92.3,6.8,9.78,6.31,4.57,3.9,2,medium,4
187,solar,distribution,34.2,26.4,79,12.8,105,76.4,0.6,3,80,83,68.9,13.1,3.29,19.31,2.11,1.81,5,critical,8
188,hydro,storage,24.1,85.6,13,5.5,70,74.6,3.9,2,274,60,48.9,21.3,3.28,7.9,3.25,3.17,2,critical,4
189,wind,storage,24.2,76.7,54,12.8,196,97.4,6.7,5,382,66,79.4,18.8,9.39,5.4,2.19,2.17,2,critical,4
190,wind,storage,41.8,36.0,28,2.4,112,69.7,6.1,6,8,62,97.3,18.2,9.4,1.96,1.88,1.76,2,critical,4
191,hydro,forecast,36.4,32.1,100,0,197,67.3,5.6,5,110,95,75.2,5.7,13.27,6.79,4.75,4.39,4,medium,7
192,hydro,storage,19.2,10.9,22,0,251,79.7,4.7,2,239,97,25.1,7.9,6.66,3.95,3.77,3.3,2,critical,4
193,solar,storage,31.7,84.5,43,0.0,180,61.7,4.4,12,133,70,25.3,16.4,8.81,8.93,4.24,3.93,2,critical,4
194,wind,storage,39.5,106.8,39,8.0,75,60.5,3.4,8,203,71,42.4,8.8,7.74,6.08,3.94,3.88,2,critical,4
195,hydro,storage,18.9,109.9,10,0,43,96.0,3.0,5,218,87,13.0,13.4,5.52,0.17,1.87,1.7,2,medium,3
196,wind,storage,31.8,15.0,96,3.8,225,76.8,1.3,8,113,61,11.1,24.1,5.58,1.81,3.68,3.3,2,critical,4
197,hydro,distribution,20.4,9.4,37,0,32,91.3,3.2,9,109,65,61.4,13.7,4.35,5.6,2.83,2.67,0,low,0
198,solar,storage,18.3,90.9,48,13.8,54,68.0,6.0,4,163,61,17.5,7.5,9.32,17.64,4.46,3.84,2,critical,4
199,hydro,production,33.7,100.3,49,0,79,99.0,7.6,13,290,84,92.8,11.0,5.04,0.18,3.39,3.33,3,critical,1
200,solar,storage,21.8,55.8,56,29.6,177,70.2,5.3,12,169,86,17.3,10.0,4.61,7.89,2.88,2.74,5,medium,9
201,wind,distribution,36.4,32.1,33,0,73,89.1,4.6,8,183,97,73.3,16.9,9.37,3.86,2.97,2.88,3,medium,5
202,wind,distribution,24.1,94.0,25,4.4,105,88.1,5.8,8,31,71,60.8,22.4,12.11,8.14,4.42,4.09,3,medium,5
203,wind,distribution,37.8,73.3,1,6.7,46,85.4,1.7,6,255,55,86.7,19.8,10.1,2.53,2.58,2.49,3,medium,5
204,hydro,distribution,28.0,35.3,40,0,250,89.7,6.0,14,384,67,37.0,15.6,6.67,14.76,1.63,1.52,5,critical,8
205,hydro,storage,37.0,52.8,60,0.9,65,84.9,5.4,10,206,64,18.6,4.6,3.07,9.83,1.95,1.84,2,critical,4
206,wind,storage,20.1,58.0,17,0,111,90.7,7.7,18,324,70,69.3,21.1,10.97,2.82,2.53,2.19,2,critical,4
207,wind,production,26.0,56.4,22,3.0,141,68.7,4.5,10,389,99,49.9,10.8,9.75,9.12,3.38,2.96,1,critical,2
208,wind,forecast,35.3,9.1,79,23.8,131,68.7,3.9,16,64,60,49.1,16.3,9.57,1.17,2.56,2.32,4,critical,7
209,hydro,production,22.6,108.9,44,0,77,60.2,6.1,15,109,67,47.0,9.4,8.96,14.19,4.75,4.08,5,critical,8
210,solar,storage,31.3,60.9,42,14.8,85,69.8,4.3,5,267,82,30.4,10.7,11.35,13.18,2.08,1.99,5,critical,8
211,hydro,distribution,23.5,28.8,24,0,197,97.5,0.1,6,78,94,21.0,18.8,1.47,5.75,2.04,1.92,0,low,0
212,solar,storage,25.2,58.6,6,1.4,241,60.5,6.1,15,242,87,39.5,21.7,4.22,0.02,3.92,3.77,0,low,0
213,solar,forecast,33.9,73.0,15,7.7,104,86.3,6.5,14,269,100,23.5,10.2,12.45,10.06,1.66,1.41,4,medium,7
214,hydro,distribution,21.5,16.0,3,0,90,88.1,1.9,10,374,89,29.8,6.9,2.1,8.28,2.78,2.57,0,low,9
215,wind,forecast,29.8,28.7,8,6.2,67,71.5,6.8,8,76,86,64.3,19.7,3.46,17.52,3.46,3.32,0,low,9
216,solar,production,39.2,41.7,46,8.5,178,78.5,1.2,11,340,95,19.2,19.0,3.68,3.28,4.16,3.7,1,medium,1
217,wind,forecast,33.2,58.1,24,0,108,63.7,6.2,14,267,66,46.9,17.8,5.79,16.25,2.51,2.27,5,critical,8
218,wind,forecast,34.1,17.1,4,13.1,227,90.0,5.0,2,365,95,52.2,4.2,3.56,8.85,3.2,2.86,0,low,9
219,solar,storage,39.0,15.1,80,6.3,146,75.9,7.8,19,378,57,82.3,8.0,8.43,5.46,2.07,1.87,2,critical,4
220,hydro,distribution,32.8,30.0,53,0,148,62.2,5.9,8,304,82,33.5,16.5,10.71,2.7,4.74,4.66,3,medium,5
221,hydro,distribution,41.4,69.7,74,0,244,94.9,4.0,2,400,65,94.5,12.0,4.95,11.06,4.08,3.63,0,low,9
222,wind,storage,29.8,43.7,35,12.5,94,93.7,1.4,16,236,100,38.0,10.1,8.43,0.58,3.89,3.71,0,low,0
223,solar,distribution,29.1,39.5,72,8.2,68,92.8,3.4,12,64,97,71.1,19.6,5.53,2.05,3.34,3.08,0,low,0
224,solar,distribution,23.8,78.8,24,11.7,119,94.5,2.5,4,70,100,82.1,9.6,12.0,7.46,4.71,4.13,3,medium,5
225,hydro,distribution,30.0,99.5,74,0,251,95.3,5.7,10,239,99,21.3,17.7,5.6,5.99,4.0,3.48,0,low,0
226,hydro,distribution,38.7,9.3,16,10.6,69,93.0,4.7,7,168,61,46.9,10.7,6.8,6.31,2.77,2.7,0,low,0
227,hydro,forecast,19.2,59.1,24,0,218,83.7,0.7,4,295,60,65.0,3.5,3.33,0.72,3.58,3.15,0,low,0
228,solar,forecast,36.5,25.2,47,5.1,166,76.2,5.2,13,63,58,9.9,10.9,3.4,1.17,4.07,3.61,4,medium,7
229,wind,forecast,37.7,76.0,98,5.9,256,65.1,1.1,16,29,88,86.2,23.2,11.6,7.82,1.55,1.38,4,medium,7
230,hydro,distribution,22.3,15.7,71,8.4,66,68.0,3.9,8,47,64,11.8,11.1,1.24,8.68,2.18,1.86,0,low,9
231,wind,distribution,27.7,48.7,65,8.0,157,62.3,3.1,15,268,56,38.3,11.2,11.44,0.64,1.89,1.62,2,medium,9
232,hydro,distribution,40.1,83.5,16,1.7,182,97.0,7.3,4,246,75,7.6,12.8,5.23,3.23,2.1,1.91,0,low,0
233,wind,production,35.9,102.8,51,0,151,61.3,4.4,16,93,90,17.5,9.2,3.22,5.24,1.72,1.59,1,critical,2
234,solar,distribution,21.7,70.7,48,8.0,151,69.2,5.6,17,332,75,25.5,8.0,3.2,16.43,3.16,2.71,5,critical,8
235,solar,distribution,35.6,12.6,1,5.4,156,86.1,2.5,12,186,79,52.7,13.8,12.86,9.89,1.55,1.32,3,medium,5
236,solar,production,26.9,96.9,0,0,204,61.1,4.5,18,8,87,52.7,8.8,2.62,6.56,4.9,4.27,1,critical,2
237,solar,storage,37.8,81.6,30,11.0,132,82.8,4.3,2,247,69,52.2,5.2,6.16,9.53,3.03,2.77,2,critical,4
238,solar,storage,31.5,47.7,63,0,48,63.4,2.6,16,197,69,70.7,4.2,2.46,0.64,2.77,2.63,2,critical,4
239,hydro,distribution,21.7,80.3,33,0,87,81.1,3.9,20,181,63,16.9,20.9,12.58,10.51,3.15,2.91,3,medium,5
240,solar,storage,21.7,44.7,4,0,249,70.4,0.9,3,67,95,12.0,10.1,6.77,8.56,4.39,3.74,5,medium,9
241,wind,storage,38.1,11.6,1,0,171,67.9,6.0,5,124,59,64.3,10.7,7.2,2.0,3.14,2.8,2,critical,4
242,solar,forecast,31.0,60.5,40,1.6,72,92.4,4.8,9,30,56,66.7,8.6,12.05,3.23,3.54,3.38,0,low,0
243,hydro,distribution,40.7,48.9,55,3.4,37,98.0,0.6,9,285,84,67.9,18.0,7.72,6.44,3.15,2.69,0,low,0
244,solar,storage,28.4,50.7,64,0,238,89.2,6.2,4,366,100,82.7,6.8,9.41,10.85,2.42,2.38,2,critical,4
245,solar,distribution,19.9,106.0,4,8.6,90,67.1,7.3,4,57,82,42.2,16.7,7.0,14.5,3.0,2.56,5,critical,8
246,solar,distribution,18.4,101.8,32,1.1,190,82.4,1.8,11,384,88,18.1,22.3,10.76,2.04,1.82,1.76,3,medium,5
247,hydro,production,41.5,80.1,79,0,247,85.5,3.6,15,200,91,40.2,6.9,11.3,15.6,4.76,4.08,5,critical,8
248,solar,distribution,34.1,75.6,85,4.4,191,91.8,7.6,19,167,98,53.1,14.2,2.51,4.96,2.66,2.41,0,low,0
249,wind,production,39.9,40.9,59,0,223,98.4,1.2,9,136,93,94.0,9.0,10.79,0.02,2.55,2.39,2,low,4
250,hydro,production,19.3,22.8,92,4.0,239,97.8,1.3,17,111,66,46.5,17.5,10.13,0.53,3.07,2.78,1,critical,2
251,hydro,production,28.9,77.5,14,11.5,69,64.8,0.3,14,186,79,65.3,9.0,8.55,12.6,3.49,3.48,5,critical,8
252,wind,forecast,25.6,62.0,99,6.3,141,77.7,1.4,5,142,99,50.7,2.7,2.41,17.19,1.65,1.42,5,critical,8
253,solar,forecast,20.7,75.3,4,0,92,86.5,5.0,4,336,80,71.4,9.0,11.39,15.92,4.49,4.28,5,critical,8
254,solar,production,29.2,32.6,34,0,258,76.8,0.5,19,135,80,88.9,5.8,10.4,11.67,2.06,1.91,1,critical,2
255,solar,distribution,19.7,6.9,64,0,60,71.1,4.6,12,151,58,78.9,12.6,10.31,7.85,2.15,2.09,3,medium,5
256,solar,storage,32.0,72.1,70,0,211,61.4,7.8,11,284,70,33.5,13.9,1.85,7.77,3.84,3.56,2,critical,4
257,wind,production,32.4,40.1,63,5.8,208,88.1,5.5,1,377,66,86.1,3.5,7.46,6.71,3.76,3.35,1,critical,2
258,hydro,production,35.3,36.2,47,0,237,75.0,5.2,6,173,75,31.5,21.8,6.4,9.98,1.96,1.77,1,critical,2
259,wind,production,21.9,29.6,63,13.6,118,69.2,1.8,18,305,93,60.1,11.9,3.01,2.52,1.78,1.57,1,critical,2
260,wind,forecast,26.7,47.5,72,0,206,90.0,6.3,4,105,89,44.1,17.7,4.51,3.0,1.92,1.89,0,medium,6
261,hydro,storage,18.3,7.9,8,0,239,81.4,2.7,1,322,99,40.4,5.4,8.45,7.06,1.96,1.78,2,critical,4
262,wind,storage,41.8,76.0,40,2.2,227,89.8,1.7,12,185,89,57.3,20.4,10.24,14.71,2.63,2.28,5,medium,9
263,wind,storage,29.3,20.5,94,3.9,118,75.2,0.8,2,137,98,19.3,15.8,5.58,8.76,2.13,1.85,2,medium,3
264,wind,production,30.5,58.9,13,0.4,118,78.9,7.8,2,309,85,27.0,18.4,1.46,5.97,1.94,1.83,1,critical,2
265,solar,distribution,30.5,2.8,17,0.3,105,86.3,3.8,10,344,73,12.4,7.0,10.43,3.22,2.46,2.26,3,medium,5
266,solar,production,38.5,24.9,35,0,224,65.6,7.7,20,167,59,21.1,5.1,9.8,3.13,1.7,1.65,1,critical,2
267,hydro,distribution,34.7,105.0,74,2.8,145,69.6,7.2,12,236,56,97.4,7.0,4.47,2.35,4.67,4.31,0,low,0
268,hydro,forecast,29.4,42.3,1,13.4,234,63.6,0.6,1,385,81,27.5,16.2,3.96,11.57,1.87,1.8,0,low,9
269,solar,production,29.3,38.7,3,0,48,81.7,5.2,4,365,83,7.1,17.9,4.76,6.23,3.69,3.6,1,critical,2
270,wind,storage,19.3,100.9,5,0,238,95.3,4.3,16,74,64,18.6,10.1,3.56,2.0,2.4,2.32,2,critical,4
271,hydro,production,39.9,40.6,54,0,78,74.8,4.3,20,387,62,29.6,8.6,13.36,0.04,3.87,3.83,1,critical,2
272,wind,production,27.8,53.5,61,15.5,61,77.4,4.7,3,259,90,14.2,10.3,8.64,5.07,3.87,3.72,1,critical,2
273,wind,forecast,41.2,3.4,37,0,108,83.4,4.8,1,285,70,37.1,4.9,10.98,1.22,2.13,2.03,4,medium,7
274,wind,production,28.2,39.9,32,17.2,145,62.5,4.5,12,362,65,60.4,16.0,2.46,8.1,4.35,3.87,1,critical,2
275,wind,forecast,37.7,8.5,45,0,45,91.0,6.5,9,106,68,64.1,12.2,10.17,0.09,2.14,1.98,4,medium,7
276,solar,storage,29.5,19.5,23,14.4,132,65.7,4.0,2,229,69,83.0,18.0,12.73,2.94,4.03,3.97,2,critical,4
277,hydro,distribution,22.1,5.0,66,0,231,63.5,0.1,4,214,84,79.8,18.5,10.33,3.13,1.99,1.85,3,medium,5
278,solar,production,38.4,26.6,63,2.3,59,64.6,2.5,17,22,90,76.4,9.6,12.31,3.23,2.4,2.31,1,critical,2
279,hydro,forecast,24.8,32.9,95,0,237,66.3,5.5,17,224,64,86.2,3.1,12.81,3.77,2.34,2.26,4,medium,7
280,solar,distribution,31.6,25.8,88,7.5,116,77.5,4.7,17,169,66,53.6,12.9,13.94,6.12,1.8,1.79,3,medium,5
281,solar,forecast,18.1,39.4,75,25.0,88,93.0,0.7,8,26,74,8.0,16.6,3.82,4.02,4.41,3.78,4,critical,7
282,hydro,production,34.5,76.4,47,7.4,198,96.8,3.0,20,248,84,25.7,17.3,8.22,0.84,2.83,2.61,1,critical,2
283,wind,distribution,35.6,97.0,85,13.0,112,65.0,1.0,13,167,57,90.3,17.9,6.45,5.2,4.9,4.7,0,low,0
284,solar,distribution,26.4,9.9,35,0,225,81.9,1.0,20,216,94,17.6,22.7,13.88,2.24,3.85,3.49,3,medium,5
285,hydro,distribution,18.5,28.5,81,0,89,94.0,1.1,11,35,70,86.1,13.4,8.07,3.01,4.62,4.07,3,medium,5
286,solar,storage,32.0,19.0,91,0,56,77.2,2.0,14,86,77,21.5,22.9,9.14,3.22,4.04,3.94,2,medium,3
287,solar,storage,38.5,6.2,30,0,165,69.0,2.3,11,231,75,39.4,11.8,9.09,10.65,3.3,3.24,3,medium,0
288,wind,forecast,37.5,58.6,77,4.1,142,68.8,0.3,13,144,89,49.0,19.4,11.96,10.99,1.69,1.63,4,medium,7
289,wind,production,30.5,15.6,83,18.8,188,96.3,1.6,17,78,82,83.0,2.6,4.84,2.98,1.75,1.52,1,critical,2
290,wind,forecast,28.6,44.1,17,11.0,169,68.8,4.4,9,13,71,45.5,18.9,11.1,5.99,2.65,2.63,0,low,0
291,hydro,forecast,21.0,79.5,59,3.0,223,70.2,4.2,16,184,83,32.7,24.1,13.07,16.82,4.28,4.15,0,low,9
292,hydro,storage,26.0,21.5,40,9.7,198,63.4,2.2,15,166,77,42.8,13.2,11.01,2.98,2.46,2.28,0,medium,2
293,wind,storage,23.6,91.4,36,8.8,219,79.6,0.2,20,323,59,21.6,9.3,1.95,8.88,4.88,4.26,2,critical,4
294,wind,forecast,27.2,109.5,75,0,174,69.1,3.5,2,211,62,98.8,23.4,3.36,0.01,3.06,2.73,4,critical,7
295,solar,production,36.4,8.9,33,7.7,220,68.5,2.4,13,240,80,99.5,10.5,9.59,15.93,2.58,2.46,5,critical,8
296,hydro,forecast,26.6,60.5,23,16.6,229,92.1,3.0,19,203,81,43.2,20.0,11.92,2.12,4.43,4.28,0,low,0
297,hydro,forecast,29.6,34.6,60,0,59,92.5,1.8,1,269,62,68.4,19.8,13.66,15.92,3.73,3.52,0,low,9
298,hydro,distribution,34.6,96.8,97,17.0,216,74.0,7.0,10,336,95,53.4,10.2,5.86,1.76,3.62,3.3,0,low,0
299,hydro,forecast,22.8,58.9,44,7.5,100,90.7,2.6,6,116,62,78.8,5.4,6.5,9.06,3.35,2.95,0,low,9
300,solar,storage,34.6,66.2,46,0,251,92.4,0.2,10,364,77,25.1,23.1,2.74,11.81,3.41,2.91,2,medium,3
301,solar,production,29.6,25.8,57,5.6,150,92.0,7.2,11,197,80,20.8,17.2,12.67,9.81,4.41,4.31,1,critical,2
302,hydro,forecast,21.9,2.0,63,0,42,63.6,6.1,15,297,67,14.4,15.3,5.88,7.57,3.22,2.86,4,medium,7
303,wind,distribution,21.7,39.1,51,16.4,118,62.8,8.0,4,116,77,80.6,20.0,7.87,19.41,2.86,2.48,3,critical,6
304,solar,distribution,24.4,79.1,27,0,191,64.9,6.2,11,399,68,75.2,5.6,1.47,9.69,4.74,4.34,0,low,9
305,solar,production,20.7,50.3,44,0,195,94.9,7.4,12,312,91,37.5,14.4,4.8,8.32,2.1,2.03,0,critical,9
306,hydro,distribution,37.7,30.9,34,7.2,209,81.4,2.9,15,314,74,97.9,2.8,2.05,9.45,3.96,3.76,0,low,9
307,solar,storage,25.7,29.8,68,0,210,86.6,2.1,14,116,74,61.6,13.6,11.22,11.15,2.08,1.88,2,critical,4
308,wind,forecast,37.0,74.2,91,0,213,74.4,3.2,8,268,82,31.7,15.3,13.97,7.36,4.58,4.33,4,medium,7
309,solar,forecast,25.9,86.4,14,17.1,109,89.6,3.1,5,295,83,93.4,10.6,13.73,4.07,2.7,2.67,4,medium,7
310,hydro,distribution,24.3,7.6,42,6.9,46,94.1,7.0,3,38,89,66.1,18.9,3.59,22.2,3.1,3.0,5,critical,8
311,wind,production,30.1,12.0,82,5.9,158,77.9,7.6,9,262,66,48.1,11.7,13.12,6.15,3.29,2.85,1,critical,2
312,wind,storage,23.4,45.3,87,0.6,77,66.8,6.7,3,383,99,82.3,18.0,8.45,11.64,2.31,2.18,5,medium,9
313,hydro,production,37.3,8.6,71,11.4,149,94.3,5.8,19,339,64,21.5,7.5,7.09,5.38,3.04,2.65,1,critical,2
314,solar,production,39.4,18.2,34,12.5,89,64.3,4.6,16,94,74,10.7,8.8,3.51,2.53,2.16,2.15,1,critical,2
315,hydro,forecast,27.9,43.4,99,9.3,114,75.5,3.4,17,157,67,74.7,17.4,11.35,1.54,4.88,4.24,4,medium,7
316,hydro,forecast,32.4,57.2,99,0.0,122,63.8,4.6,17,205,73,96.2,14.0,4.71,2.71,4.43,4.14,4,medium,7
317,wind,production,29.0,18.6,72,7.0,110,85.9,0.4,4,16,71,57.1,19.4,10.89,4.98,4.66,4.42,1,medium,1
318,wind,storage,31.2,65.9,41,1.8,217,71.5,6.2,11,247,96,19.4,12.8,4.18,4.25,4.17,3.75,0,low,0
319,wind,production,25.3,54.3,96,0,112,64.2,0.6,17,256,91,96.4,4.0,3.09,4.57,1.57,1.39,1,critical,2
320,solar,production,24.4,97.9,98,0,228,95.9,6.2,5,243,93,38.7,6.5,6.21,2.16,4.14,3.75,1,critical,2
321,solar,production,27.1,74.3,77,6.6,117,90.2,3.4,16,378,82,56.1,10.6,1.25,6.48,3.43,3.19,1,critical,2
322,solar,storage,25.5,98.6,82,6.9,132,70.1,7.8,14,232,85,46.4,17.1,9.81,7.43,4.49,4.27,5,medium,9
323,solar,forecast,19.6,87.2,22,0,242,61.0,4.7,3,304,69,38.1,12.1,13.1,0.01,3.36,2.97,0,low,0
324,wind,production,30.2,90.6,65,21.9,232,93.0,6.3,18,85,92,80.6,3.6,8.36,3.48,3.12,3.09,1,critical,2
325,wind,production,41.3,7.6,37,7.3,103,76.2,1.1,6,194,81,20.0,9.8,12.56,13.82,4.36,3.77,5,critical,8
326,wind,storage,38.8,25.2,32,3.8,238,86.1,4.0,4,55,61,44.3,22.8,7.89,0.71,4.69,4.13,2,critical,4
327,solar,distribution,21.8,58.2,61,1.6,55,73.2,0.8,10,312,81,21.3,9.7,10.08,1.38,3.55,3.43,5,medium,5
328,solar,production,38.4,81.0,23,0,140,63.9,3.9,14,47,100,10.7,3.6,8.34,7.13,4.4,4.2,1,critical,2
329,solar,production,36.3,30.7,81,14.5,203,88.1,4.0,8,354,95,41.1,14.3,2.16,10.77,2.15,1.83,1,medium,1
330,hydro,storage,33.3,30.7,39,3.9,100,73.7,7.1,3,70,78,63.0,13.8,7.23,4.67,3.75,3.69,2,medium,3
331,hydro,forecast,18.1,13.0,53,2.9,198,80.8,6.6,3,124,93,56.3,20.8,12.58,4.11,3.27,2.99,0,low,0
332,wind,forecast,20.4,75.7,81,0.1,44,88.2,3.4,10,173,86,96.3,3.6,9.41,12.89,3.87,3.48,5,critical,8
333,solar,distribution,39.8,19.1,87,12.7,109,89.9,7.8,12,28,79,69.6,20.0,10.08,1.79,2.35,2.33,3,medium,5
334,wind,forecast,38.5,69.6,53,3.1,252,65.0,3.5,8,101,92,56.5,21.3,4.85,0.45,2.8,2.53,0,low,0
335,hydro,storage,23.1,36.7,83,3.1,63,60.7,1.6,18,380,88,46.2,14.2,5.35,4.16,1.6,1.37,2,medium,3
336,wind,storage,20.9,105.5,62,0,139,79.1,6.0,14,158,71,75.4,24.8,6.85,4.04,4.58,4.26,2,critical,4
337,solar,storage,22.5,21.7,35,0,188,62.1,6.6,13,144,65,13.8,14.3,11.86,1.11,2.75,2.57,2,critical,4
338,wind,forecast,36.8,36.0,32,0,156,76.2,5.0,16,330,86,56.3,10.4,4.34,13.91,2.61,2.5,5,critical,8
339,solar,distribution,23.0,49.9,78,1.1,32,87.4,7.4,5,357,89,8.0,21.0,12.47,0.09,4.46,4.22,3,medium,5
340,wind,forecast,18.8,13.3,46,5.3,138,79.9,0.2,10,89,78,19.2,16.8,5.68,6.52,4.08,3.56,5,low,7
341,wind,storage,23.7,63.6,64,19.8,126,91.7,1.4,14,167,95,38.3,5.2,1.42,9.77,4.4,4.36,5,critical,3
342,solar,distribution,38.2,44.7,18,0,66,72.1,6.5,12,89,93,86.1,12.4,10.84,9.56,3.58,3.39,3,medium,5
343,solar,production,19.5,24.8,32,7.0,97,61.0,2.5,1,280,84,73.8,11.1,6.4,0.48,3.71,3.18,1,critical,2
344,solar,distribution,38.6,12.1,50,0,167,82.1,1.9,6,187,63,97.5,12.7,5.62,11.45,4.34,3.78,0,low,9
345,solar,distribution,32.3,95.6,84,0,223,91.7,4.3,3,217,89,42.8,4.4,3.7,5.89,4.95,4.56,0,low,0
346,hydro,forecast,19.8,104.1,0,0,30,66.5,4.3,1,241,61,49.9,7.8,8.42,7.23,4.66,4.46,4,critical,7
347,hydro,forecast,33.6,48.0,0,7.2,69,89.4,4.5,6,367,70,15.3,11.7,7.81,10.13,3.36,3.19,0,low,9
348,solar,forecast,40.6,24.5,92,7.1,213,94.0,2.4,17,174,55,50.6,10.5,12.99,2.98,4.29,3.74,4,medium,7
349,hydro,production,20.9,50.5,0,0,49,98.3,2.8,8,80,95,42.2,8.7,8.01,2.04,2.52,2.16,0,low,0
350,wind,forecast,33.5,38.8,51,10.6,152,77.1,4.8,5,148,59,45.4,9.5,3.22,3.91,3.82,3.55,0,low,0
351,wind,forecast,23.9,79.1,74,0,156,65.3,3.6,14,110,93,6.3,10.0,12.32,5.48,3.17,2.94,4,medium,7
352,solar,distribution,32.0,19.5,34,0,83,94.2,1.1,5,247,87,69.4,7.9,13.57,5.17,2.44,2.24,3,medium,5
353,wind,forecast,21.3,72.8,0,2.4,90,90.9,3.3,17,138,95,33.3,19.2,4.07,11.4,2.14,1.99,0,low,9
354,hydro,storage,24.9,71.0,59,0,75,86.9,1.2,5,362,97,50.5,21.1,7.01,8.06,2.67,2.3,5,medium,9
355,solar,storage,18.1,98.4,37,0,196,64.3,7.2,7,361,79,32.9,12.4,8.33,0.98,3.8,3.37,2,medium,3
356,solar,production,27.7,48.2,52,0,85,67.6,3.6,20,120,84,64.0,10.3,12.35,1.35,3.48,3.36,1,critical,2
357,hydro,production,24.9,25.3,20,7.3,45,88.9,5.6,10,122,57,27.8,6.2,2.56,1.78,1.75,1.72,1,critical,2
358,solar,forecast,20.6,32.7,87,0,111,73.8,0.3,6,328,74,95.1,15.2,11.75,9.68,3.32,2.9,4,medium,7
359,hydro,distribution,40.5,38.6,75,0,68,94.8,5.2,15,300,89,5.8,7.7,13.3,7.14,1.71,1.48,0,medium,4
360,wind,storage,34.1,69.2,11,0,78,89.5,7.0,19,151,89,74.9,3.3,12.08,7.95,3.57,3.46,2,critical,4
361,solar,forecast,34.4,43.2,39,1.1,233,88.0,2.6,1,329,75,29.6,6.6,1.21,11.55,3.77,3.66,0,low,9
362,wind,forecast,22.6,71.3,37,0,245,73.5,1.4,19,342,86,41.7,10.1,4.46,13.54,2.93,2.51,5,critical,8
363,solar,production,33.8,95.4,47,5.7,96,70.7,0.6,5,43,83,98.5,17.1,2.84,0.3,3.0,2.66,1,critical,2
364,solar,distribution,39.4,41.9,36,34.4,137,60.2,3.2,8,106,61,71.3,13.2,4.55,7.23,4.25,3.79,0,low,9
365,hydro,distribution,28.0,96.7,82,0,240,92.6,2.4,15,88,96,21.7,25.0,1.85,11.63,3.89,3.66,0,low,9
366,solar,distribution,23.6,36.7,59,7.7,76,85.0,5.1,17,336,58,43.2,19.5,5.55,4.77,4.78,4.55,0,low,0
367,wind,storage,26.4,15.9,36,0,145,92.6,0.6,2,102,76,53.2,8.6,11.19,14.21,4.22,3.69,2,critical,4
368,solar,distribution,24.7,54.2,17,4.1,49,86.9,3.0,7,154,74,44.7,4.9,8.46,21.27,2.1,1.99,5,critical,8
369,wind,distribution,22.1,13.3,70,0,166,61.8,6.6,13,305,92,86.4,21.9,8.33,16.01,2.34,2.22,5,critical,8
370,hydro,distribution,30.4,60.8,11,19.1,247,70.8,4.0,20,249,89,32.2,23.5,11.89,6.34,3.6,3.43,3,medium,5
371,wind,storage,33.8,104.7,25,0,53,65.8,1.9,2,369,94,11.0,9.9,8.35,9.79,3.16,2.83,4,critical,8
372,solar,forecast,34.7,60.2,83,17.7,160,93.6,3.2,17,285,66,13.4,7.9,10.71,5.21,3.26,3.24,4,medium,7
373,hydro,forecast,18.6,31.9,81,13.3,217,78.5,0.2,20,385,80,7.4,20.5,8.13,5.32,1.95,1.66,4,medium,7
374,solar,forecast,21.7,20.0,0,7.4,118,74.7,7.4,17,118,98,73.4,7.8,5.6,6.29,3.7,3.56,4,medium,7
375,wind,production,38.1,83.0,63,0,157,74.9,3.3,9,392,80,67.6,17.8,5.36,8.32,2.35,2.11,1,critical,2
376,hydro,production,22.8,96.7,86,9.9,204,79.3,0.3,6,284,99,15.9,2.6,7.97,16.17,3.59,3.33,5,critical,8
377,solar,distribution,22.2,4.0,32,5.2,259,90.4,6.8,8,131,80,87.8,10.0,9.57,4.95,4.55,4.49,3,medium,5
378,wind,forecast,37.1,41.2,67,0,55,90.9,6.7,12,366,59,41.7,15.0,13.48,10.72,3.66,3.48,4,medium,7
379,solar,distribution,37.5,3.3,45,0,232,69.4,3.0,4,194,96,18.6,11.2,8.98,4.03,4.35,3.95,3,medium,5
380,wind,production,30.0,31.1,29,13.8,42,60.8,4.9,10,53,85,21.4,2.3,9.94,2.46,4.45,4.03,1,critical,2
381,hydro,production,20.4,71.3,100,5.9,172,80.1,0.9,11,260,55,85.6,14.0,1.98,0.11,3.43,2.96,1,medium,1
382,hydro,forecast,30.0,51.6,100,5.6,49,70.3,0.6,5,158,73,45.7,8.6,3.16,9.81,1.54,1.49,4,medium,7
383,hydro,production,38.9,42.1,90,4.7,92,88.2,4.2,9,156,59,95.0,8.8,4.29,0.89,1.81,1.71,0,low,0
384,hydro,production,27.1,42.9,2,7.2,75,92.5,5.1,9,188,81,55.3,11.5,5.28,5.57,3.35,3.28,1,critical,2
385,solar,production,26.4,85.5,31,11.9,260,73.9,5.5,13,68,79,63.3,24.4,9.78,5.41,4.53,4.06,1,critical,2
386,wind,distribution,39.4,29.0,86,0,48,98.8,5.3,5,392,85,39.4,18.0,11.79,1.16,3.66,3.13,3,medium,5
387,hydro,forecast,39.2,99.3,21,0,56,63.7,6.8,11,88,60,63.7,6.7,8.94,11.78,3.63,3.36,4,critical,7
388,solar,forecast,27.6,71.9,38,0,156,73.9,7.6,10,384,81,17.4,18.9,12.1,2.34,4.28,3.97,0,low,0
389,solar,distribution,26.2,75.4,49,17.8,89,77.1,7.6,11,335,79,15.7,19.8,11.68,1.8,1.88,1.84,3,medium,5
390,hydro,production,38.5,22.5,97,7.8,98,91.6,5.7,8,305,68,18.7,2.2,7.21,10.02,2.76,2.75,1,critical,2
391,hydro,storage,41.4,83.0,2,0,137,62.3,4.8,4,194,60,77.9,3.0,1.01,13.08,2.62,2.34,5,critical,8
392,solar,forecast,22.3,42.7,67,9.4,190,75.2,4.9,5,192,60,62.8,15.0,4.31,6.67,2.47,2.11,4,medium,7
393,solar,production,36.6,76.1,69,0,155,97.7,3.7,14,228,57,17.1,18.5,11.86,4.68,2.94,2.56,1,medium,1
394,wind,storage,20.5,81.6,82,5.8,203,79.1,1.4,2,142,57,49.8,12.5,3.51,15.3,3.08,2.68,2,critical,4
395,solar,production,36.5,43.1,14,0,252,68.0,4.7,14,303,83,93.5,12.2,3.59,1.12,3.78,3.77,1,critical,2
396,wind,storage,40.1,63.7,79,4.2,219,71.5,3.5,16,360,83,94.2,19.8,12.22,6.17,3.66,3.64,2,medium,3
397,solar,distribution,28.2,45.7,32,1.5,175,84.7,1.3,19,213,60,16.1,7.5,3.41,10.95,3.14,2.75,0,low,9
398,hydro,forecast,26.8,13.6,94,1.7,124,63.2,3.6,3,289,67,90.5,19.4,6.07,3.67,4.44,4.01,4,medium,7
399,solar,forecast,40.1,6.2,60,0,139,77.7,3.6,15,78,85,95.2,10.7,9.77,7.24,3.19,2.91,4,medium,7
400,wind,distribution,29.8,93.2,38,8.7,162,78.6,5.8,6,10,66,13.8,10.3,7.87,5.35,2.62,2.39,0,low,0
401,wind,production,21.4,64.9,45,0,183,70.8,7.0,17,117,68,16.9,20.9,2.06,6.53,2.5,2.14,1,critical,2
402,wind,forecast,24.0,100.0,6,16.0,238,83.4,4.2,6,68,61,83.2,18.1,13.39,3.87,1.83,1.58,4,critical,7
403,wind,distribution,23.3,96.5,47,5.5,68,69.7,6.0,5,71,86,86.7,3.0,1.67,10.44,4.97,4.9,0,low,9
404,solar,production,31.2,68.7,46,0,213,70.4,5.6,2,223,74,46.6,18.8,12.57,8.45,1.63,1.43,1,critical,2
405,solar,production,38.4,26.2,14,11.9,205,77.8,6.5,7,326,98,84.4,11.7,2.22,5.43,2.16,1.95,1,critical,2
406,hydro,storage,37.8,109.3,30,2.6,44,96.3,2.3,20,59,85,7.1,11.1,5.47,7.86,4.44,4.37,5,medium,9
407,wind,production,23.3,49.7,87,18.1,228,72.4,0.7,14,66,67,61.3,3.2,13.65,5.1,2.94,2.62,1,critical,2
408,solar,storage,24.7,73.0,30,9.9,260,92.1,4.9,4,80,96,63.2,10.2,5.78,8.74,1.72,1.56,2,medium,3
409,solar,distribution,32.7,33.5,32,1.9,53,84.2,6.8,10,211,76,29.2,20.9,3.77,5.11,3.42,3.27,0,low,0
410,solar,distribution,24.6,46.4,93,1.1,118,84.4,6.1,18,190,97,23.6,20.1,7.39,5.41,3.82,3.8,0,low,0
411,hydro,storage,40.7,84.9,63,4.3,105,70.7,1.9,6,137,98,52.4,23.8,9.99,10.89,3.06,2.91,5,medium,9
412,solar,distribution,21.4,101.9,68,0,155,68.9,0.7,11,336,88,40.1,16.2,3.22,3.94,4.17,4.08,0,low,0
413,solar,distribution,34.5,42.0,94,4.8,117,87.3,0.1,5,208,59,61.1,2.5,13.39,1.43,4.09,4.0,3,medium,5
414,solar,production,20.8,52.1,89,15.9,46,70.7,1.1,12,363,82,26.9,16.8,10.98,6.74,4.09,3.62,1,critical,2
415,hydro,storage,28.4,49.2,46,1.2,240,82.2,2.1,12,331,84,76.3,10.1,6.75,11.41,3.71,3.33,2,medium,3
416,hydro,production,28.0,83.0,55,4.7,144,97.4,7.1,1,311,94,62.9,23.4,3.89,4.66,4.36,3.87,1,critical,2
417,solar,distribution,28.5,15.6,79,0.7,221,62.8,6.5,20,134,62,58.7,3.1,3.22,5.12,3.15,2.7,0,low,0
418,wind,production,38.7,109.6,78,2.7,229,97.1,3.7,2,35,62,39.2,19.8,2.73,0.79,3.2,2.95,0,low,0
419,wind,forecast,27.4,76.0,80,10.8,98,68.2,6.5,4,181,96,39.7,24.4,7.19,2.55,2.13,2.05,4,medium,7
420,solar,distribution,19.5,18.9,52,0,202,90.3,0.8,17,182,66,39.1,7.5,9.08,18.83,3.73,3.45,5,critical,8
421,hydro,production,29.1,8.4,89,13.3,80,92.0,4.2,18,269,56,81.1,16.7,6.98,2.69,3.31,3.18,1,critical,2
422,solar,storage,28.2,54.8,32,4.9,76,69.0,2.4,15,315,80,82.0,17.9,9.28,7.83,2.54,2.41,2,medium,3
423,hydro,distribution,36.9,75.5,26,8.9,242,96.5,7.9,18,137,60,5.6,23.5,10.99,6.15,4.44,4.1,3,medium,5
424,wind,storage,29.8,79.6,20,7.5,201,71.1,0.5,13,278,57,79.1,10.5,11.1,9.93,4.03,3.93,2,critical,4
425,hydro,storage,20.4,80.5,77,13.8,65,81.1,1.8,6,311,58,92.1,11.2,13.7,11.47,3.33,3.25,2,critical,4
426,hydro,distribution,23.7,46.0,75,9.3,246,98.3,6.4,20,152,71,68.7,18.3,9.5,6.01,3.93,3.71,3,medium,5
427,solar,storage,40.2,52.2,36,3.4,102,68.0,7.0,13,210,59,53.9,9.2,10.41,3.3,3.37,3.04,2,critical,4
428,hydro,forecast,38.6,3.4,53,0,120,84.1,4.5,5,340,90,60.7,4.9,8.03,1.55,3.06,2.81,4,medium,7
429,hydro,production,34.4,41.4,8,12.0,70,85.4,3.7,5,5,98,62.8,12.0,5.13,2.34,1.62,1.54,1,medium,1
430,hydro,forecast,27.0,22.2,71,5.3,227,95.5,6.2,4,341,78,78.9,12.5,6.7,9.59,3.29,3.25,4,medium,7
431,hydro,distribution,28.3,67.0,32,9.8,249,90.9,3.3,19,127,57,81.5,19.0,7.91,0.79,2.58,2.52,0,low,0
432,solar,forecast,26.3,68.5,20,11.0,114,81.1,8.0,10,125,57,15.5,7.8,6.97,8.1,2.71,2.33,4,medium,7
433,hydro,storage,27.2,43.4,89,1.9,213,95.6,5.5,2,96,85,9.9,4.1,7.43,5.63,2.18,2.11,2,critical,4
434,solar,storage,24.7,4.6,60,0,175,63.6,6.4,17,302,91,39.3,6.8,3.9,4.68,4.36,4.32,2,critical,4
435,hydro,forecast,39.2,83.0,90,3.3,147,89.7,4.2,7,177,94,99.9,8.4,11.8,16.41,2.64,2.42,5,critical,8
436,wind,forecast,32.6,103.5,4,0,84,83.7,7.8,4,369,89,83.7,19.6,7.98,3.65,2.7,2.67,4,critical,7
437,wind,forecast,26.1,89.1,99,10.8,193,66.6,2.0,17,390,93,94.2,20.8,9.84,3.13,4.62,4.56,4,medium,7
438,hydro,distribution,21.0,46.7,39,8.8,221,80.3,5.6,10,352,95,87.9,5.0,8.0,0.92,3.14,2.86,0,low,0
439,wind,storage,19.0,59.5,54,2.0,140,81.6,1.7,2,65,67,32.9,20.1,5.6,2.35,2.55,2.28,2,critical,4
440,wind,production,36.3,79.3,71,0,50,95.4,0.5,14,222,60,22.6,7.3,8.16,3.5,3.86,3.81,1,medium,1
441,solar,forecast,41.8,29.1,11,3.8,78,81.3,3.9,9,342,90,22.9,16.1,1.25,8.31,2.21,2.03,4,medium,7
442,wind,storage,20.7,98.6,45,0.6,34,76.6,2.4,12,30,82,17.2,24.3,13.46,2.05,3.36,3.32,2,medium,3
443,solar,forecast,40.4,29.4,99,0.2,237,78.1,0.4,8,154,83,42.0,14.3,1.22,3.1,3.16,2.69,5,medium,3
444,solar,production,19.7,49.0,26,9.9,125,60.3,0.5,1,266,64,96.0,4.1,4.16,20.12,2.48,2.4,5,critical,8
445,solar,storage,33.0,77.7,70,3.0,42,63.7,2.2,19,311,68,71.7,14.3,6.27,5.98,4.53,3.9,2,critical,4
446,wind,distribution,40.1,53.8,48,1.5,209,79.0,4.6,18,13,63,97.7,12.0,2.88,7.97,2.87,2.48,0,low,9
447,wind,production,41.1,78.7,71,0,152,60.2,2.5,7,96,61,92.2,15.5,4.39,3.42,4.07,3.99,1,critical,2
448,hydro,forecast,30.5,83.6,54,1.8,30,95.5,0.9,15,160,90,31.6,19.9,8.06,7.23,1.53,1.4,0,low,9
449,hydro,distribution,37.2,13.8,43,0,50,81.9,2.4,10,319,67,62.8,17.1,12.42,5.14,1.56,1.51,3,medium,5
450,hydro,storage,35.1,73.0,61,0,251,79.3,2.2,5,386,68,81.4,13.4,7.58,1.22,2.65,2.53,2,critical,4
451,wind,production,19.5,61.3,7,0,67,93.8,5.4,20,32,57,15.8,8.0,4.74,9.65,2.52,2.34,1,critical,2
452,solar,forecast,23.3,80.5,61,0,153,61.5,3.8,17,71,58,51.6,16.9,4.57,5.36,2.03,1.99,4,medium,7
453,wind,forecast,22.1,59.8,82,0,163,71.5,0.8,15,306,95,29.0,4.4,8.83,10.36,2.65,2.46,4,medium,7
454,hydro,production,39.1,55.1,8,3.7,104,65.2,1.9,5,111,95,77.0,23.3,5.11,6.58,4.98,4.53,1,critical,2
455,hydro,production,28.9,71.5,10,0,83,65.0,7.0,20,32,100,74.0,13.2,3.61,11.39,4.4,3.97,1,critical,2
456,wind,production,37.8,44.9,65,3.9,91,69.1,3.6,15,57,90,95.5,6.0,4.88,8.28,2.05,2.02,1,critical,2
457,wind,distribution,36.8,22.9,64,0,120,78.0,0.2,11,316,86,23.5,8.2,9.24,0.93,2.27,2.04,5,medium,6
458,hydro,storage,31.6,4.9,44,7.2,150,75.2,6.1,14,42,84,79.3,8.9,7.92,6.35,1.63,1.47,2,critical,4
459,hydro,storage,41.3,20.7,10,11.5,53,63.0,2.6,11,358,96,72.3,17.8,3.21,13.44,3.69,3.54,5,critical,8
460,solar,forecast,41.2,23.8,52,8.6,124,92.6,6.6,8,37,90,48.4,2.9,5.33,6.04,2.19,2.17,4,medium,7
461,solar,distribution,24.7,36.2,98,0.9,189,64.0,3.1,18,33,84,95.2,9.0,3.19,3.96,2.32,2.25,0,low,0
462,solar,distribution,38.3,7.1,51,4.8,114,64.3,2.6,12,209,66,79.9,20.5,13.87,7.45,3.4,3.39,3,medium,5
463,solar,production,37.7,77.1,62,0,233,76.6,1.2,1,306,61,29.0,5.7,6.34,2.2,4.93,4.53,1,critical,2
464,hydro,production,30.2,64.8,26,13.8,241,85.4,4.3,8,41,72,85.7,7.0,2.95,2.75,4.16,3.68,1,medium,1
465,wind,storage,40.8,19.5,38,0,56,71.2,0.1,12,370,96,92.1,18.2,12.01,5.87,2.11,2.1,3,low,6
466,solar,production,19.4,43.8,70,0,206,74.7,5.0,2,183,77,36.9,6.9,2.95,16.41,3.83,3.65,2,critical,2
467,solar,distribution,27.0,3.7,47,0,236,86.8,6.9,13,50,72,27.8,14.0,8.84,4.68,2.93,2.65,3,medium,5
468,hydro,forecast,20.9,94.5,100,8.4,68,83.6,7.9,15,155,96,76.5,24.3,5.33,0.44,2.42,2.32,4,critical,7
469,wind,storage,26.8,50.7,57,0,195,93.7,3.7,1,99,72,79.2,23.5,9.84,15.37,3.87,3.39,5,critical,8
470,solar,storage,18.5,64.7,7,4.6,235,60.9,0.6,11,318,97,55.2,19.2,13.85,8.06,2.16,1.91,2,medium,3
471,wind,forecast,32.8,68.0,32,12.4,129,62.7,6.4,1,272,74,57.4,23.6,13.32,8.34,1.97,1.93,0,low,9
472,wind,production,23.1,100.2,2,4.0,230,97.2,7.0,20,192,82,73.3,21.3,3.51,7.15,3.56,3.37,1,critical,2
473,solar,storage,21.7,27.2,71,11.9,259,92.1,6.0,15,251,75,46.0,15.2,1.35,0.04,4.38,4.04,3,medium,6
474,wind,forecast,31.7,28.5,79,0,232,77.3,2.7,3,212,60,19.9,6.7,6.85,6.0,4.82,4.71,4,medium,7
475,wind,production,18.3,101.5,12,23.8,98,66.2,7.1,7,83,82,97.9,16.1,2.44,4.67,1.91,1.76,1,critical,2
476,solar,production,20.2,70.7,46,0,67,91.4,2.1,15,345,73,94.6,9.3,4.47,1.9,4.52,4.11,1,medium,1
477,hydro,distribution,20.6,38.3,41,0,74,77.8,1.0,10,241,78,99.9,22.7,9.3,3.75,2.14,1.93,3,medium,5
478,hydro,distribution,20.3,3.4,32,0,70,81.0,0.1,17,5,56,70.9,19.4,11.28,10.53,1.78,1.68,3,medium,5
479,wind,production,23.9,11.5,13,11.1,250,78.4,2.0,9,205,88,88.2,24.4,4.52,18.77,3.27,3.14,5,critical,8
480,wind,distribution,21.8,86.1,16,11.3,225,73.4,2.7,10,388,94,7.2,7.5,12.32,6.57,2.76,2.5,3,medium,5
481,hydro,distribution,29.3,72.7,69,0,200,87.3,7.4,4,188,68,13.1,6.8,8.9,3.64,3.31,3.3,3,medium,5
482,hydro,distribution,38.9,42.4,18,0,110,66.3,7.6,14,132,60,90.0,14.0,1.47,8.56,4.61,4.53,4,low,9
483,solar,production,35.0,39.8,34,0,52,77.7,1.0,18,188,80,84.8,22.1,4.62,2.59,3.15,3.09,1,critical,2
484,hydro,forecast,22.3,21.9,35,6.2,69,69.9,4.2,19,32,91,5.7,20.9,13.58,0.02,3.29,2.87,0,low,0
485,solar,production,36.0,103.0,63,11.2,214,73.0,7.6,9,383,77,15.5,17.5,2.31,0.77,3.75,3.26,1,critical,2
486,solar,production,19.1,61.5,32,0,173,72.7,5.9,3,185,56,92.6,2.4,7.31,8.3,3.45,3.32,1,critical,2
487,solar,forecast,22.7,106.3,42,4.7,41,83.9,3.3,10,122,96,98.4,20.8,1.69,10.46,2.32,2.04,4,critical,7
488,wind,distribution,38.5,66.9,58,0,208,86.8,4.8,17,106,82,49.1,21.2,13.25,2.81,2.23,2.16,3,medium,5
489,wind,forecast,34.2,104.8,65,4.8,63,81.1,2.0,2,88,83,29.3,11.8,8.3,1.09,2.62,2.56,4,critical,7
490,solar,forecast,38.3,99.5,92,2.1,37,67.6,6.0,9,5,97,54.0,14.6,4.4,6.75,1.67,1.64,4,critical,7
491,wind,forecast,40.2,23.7,65,4.9,114,82.3,4.6,15,8,66,89.9,5.2,5.72,2.19,2.97,2.75,4,medium,7
492,solar,forecast,27.5,69.3,94,3.8,155,81.5,6.3,10,199,66,31.4,8.3,8.66,4.29,4.21,3.86,4,medium,7
493,wind,production,38.1,62.2,92,12.9,68,79.8,3.7,17,260,62,64.1,2.5,12.1,2.59,2.93,2.78,1,critical,2
494,hydro,distribution,28.1,45.9,56,1.3,186,63.9,1.5,18,25,96,98.3,24.5,2.42,8.14,3.47,3.24,0,low,9
495,solar,production,36.0,41.8,29,12.0,94,76.0,7.1,3,60,72,26.7,8.0,12.72,4.84,3.83,3.63,1,critical,2
496,solar,distribution,22.1,55.9,79,7.7,58,76.3,6.6,19,273,63,88.0,21.9,6.81,1.59,1.87,1.75,0,low,0
497,hydro,forecast,34.5,88.0,83,0,105,77.0,6.5,7,369,67,7.1,23.7,2.99,8.11,3.42,3.1,4,medium,7
498,hydro,production,34.2,10.5,96,8.5,72,64.4,6.5,17,245,81,76.9,13.2,7.2,2.82,3.57,3.32,1,critical,2
499,hydro,forecast,35.7,86.7,96,10.7,140,89.4,7.9,9,111,63,74.2,9.8,6.41,4.0,4.89,4.87,4,medium,7
500,solar,distribution,38.3,30.0,81,2.3,145,82.3,1.6,12,205,72,75.5,17.3,9.48,10.53,3.11,2.94,3,medium,5
501,solar,production,32.9,18.6,16,9.7,96,75.5,2.9,9,83,96,55.6,6.8,1.93,11.12,4.83,4.53,1,critical,0
502,solar,production,41.6,27.4,38,0,251,66.6,2.9,17,214,55,7.9,11.5,11.31,9.38,3.9,3.71,1,critical,2
503,wind,production,26.4,42.7,39,0,95,91.3,0.1,19,60,64,77.3,12.1,12.01,14.28,2.66,2.51,5,critical,8
504,solar,production,22.8,35.6,71,5.2,171,89.8,8.0,1,211,89,37.0,12.5,8.96,5.08,4.54,3.91,1,critical,2
505,hydro,storage,28.4,53.3,29,6.7,218,90.3,6.1,10,50,100,68.3,12.8,5.43,5.56,1.7,1.52,2,medium,3
506,hydro,storage,28.4,24.5,34,5.4,166,75.2,5.3,7,6,58,87.5,5.6,10.53,1.06,2.17,1.88,2,critical,4
507,hydro,distribution,23.1,19.5,72,0.5,220,86.1,3.2,12,233,89,97.3,11.8,12.66,10.07,3.54,3.07,3,medium,5
508,wind,production,25.9,31.5,21,5.9,76,62.9,0.4,2,238,57,45.0,23.2,8.34,3.21,3.36,3.06,1,critical,2
509,wind,storage,39.9,89.8,29,0,83,86.4,5.9,10,377,57,72.0,20.3,9.61,3.05,1.7,1.7,2,critical,4
510,solar,production,35.9,71.4,24,0,105,68.0,2.0,16,310,95,52.0,18.4,9.69,0.23,4.16,4.0,1,critical,2
511,solar,distribution,19.0,101.5,42,18.5,129,69.0,4.5,9,20,58,52.7,2.5,2.91,9.68,4.06,4.02,0,low,9
512,hydro,distribution,23.3,104.1,71,0,40,68.0,1.5,5,91,85,31.5,15.7,4.16,7.35,2.81,2.75,0,low,8
513,hydro,production,18.2,44.1,74,0,34,66.8,6.9,1,239,100,44.9,16.1,2.18,0.38,3.8,3.32,1,critical,2
514,solar,production,18.7,93.6,26,2.4,61,76.2,3.9,4,389,79,19.2,21.8,11.71,8.16,2.6,2.4,1,critical,2
515,solar,forecast,26.1,76.7,95,11.0,166,94.4,3.5,10,59,64,39.2,20.9,3.99,10.15,1.68,1.44,4,medium,7
516,wind,forecast,29.7,92.3,26,0,34,65.9,2.8,17,194,61,12.9,10.2,2.56,10.0,4.64,4.12,0,critical,9
517,solar,distribution,39.3,91.5,36,3.0,44,97.8,1.7,18,87,61,66.4,18.8,7.45,17.03,2.04,2.03,5,critical,8
518,solar,distribution,39.4,73.9,68,0,116,66.6,6.0,7,337,86,69.6,7.0,13.77,16.27,2.78,2.49,5,critical,8
519,hydro,distribution,23.7,44.1,45,4.1,52,81.6,1.1,6,8,92,6.4,22.4,7.45,3.61,4.14,3.87,0,low,0
520,wind,production,39.2,93.1,74,0,118,96.1,0.3,18,198,89,64.3,16.0,13.69,7.0,1.7,1.59,1,critical,2
521,hydro,storage,22.8,15.3,50,0,228,63.6,1.7,15,341,98,15.9,18.4,11.38,0.24,4.91,4.79,2,medium,3
522,wind,distribution,36.4,109.8,67,0,92,69.5,4.2,4,330,81,14.2,6.4,8.05,8.19,2.75,2.58,3,medium,5
523,solar,production,41.6,74.4,35,0,250,66.3,4.0,10,128,100,49.9,22.5,10.63,15.93,3.38,3.35,5,critical,8
524,hydro,storage,41.9,109.9,80,14.0,64,76.5,5.9,12,284,62,96.9,12.8,5.45,1.38,3.32,3.09,2,critical,4
525,wind,storage,41.1,101.7,65,1.5,108,85.4,6.6,13,279,86,97.8,10.7,1.08,7.26,2.37,2.22,2,medium,3
526,solar,distribution,28.4,7.2,90,10.8,79,63.4,0.6,5,190,100,82.7,12.8,12.32,1.73,2.21,2.06,3,medium,5
527,solar,production,32.8,5.6,88,14.5,194,87.9,2.4,20,295,98,23.9,3.7,13.64,9.06,4.16,3.96,1,critical,2
528,solar,distribution,40.4,67.4,13,0,90,70.4,5.9,15,10,99,72.9,6.9,5.84,8.42,2.21,2.14,0,low,9
529,hydro,storage,35.7,86.1,1,9.2,69,73.3,7.6,5,316,99,21.4,20.7,8.3,18.75,1.94,1.71,5,critical,8
530,solar,production,29.0,22.9,66,0,140,62.9,6.0,16,168,77,69.4,14.1,2.5,3.4,1.78,1.52,1,critical,2
531,solar,production,22.4,65.1,82,5.4,99,68.9,3.9,6,266,100,38.5,2.8,12.85,9.72,1.6,1.51,1,critical,2
532,wind,storage,40.3,51.2,44,0,183,75.5,4.7,17,346,90,98.6,19.8,8.68,8.81,3.45,3.15,2,medium,3
533,hydro,production,33.0,43.7,40,7.4,215,75.5,0.3,3,145,72,76.9,20.6,10.82,6.55,4.81,4.41,1,critical,2
534,hydro,production,40.9,69.8,26,13.7,136,79.6,2.7,3,233,86,72.2,23.3,13.07,3.9,3.2,3.13,1,medium,1
535,solar,distribution,19.5,2.0,90,0,101,95.8,1.6,17,22,90,16.2,6.2,3.23,7.84,2.62,2.31,0,low,9
536,solar,production,21.9,50.0,33,4.3,33,70.4,6.6,18,259,57,26.2,21.3,9.52,1.0,4.3,4.15,1,critical,2
537,wind,production,32.6,43.4,58,9.2,87,65.7,6.0,8,307,82,51.2,11.9,10.25,8.87,2.43,2.17,1,critical,2
538,hydro,distribution,18.4,64.6,16,1.4,182,69.9,2.0,9,320,58,69.9,9.3,11.34,2.34,3.66,3.36,3,medium,5
539,solar,forecast,23.5,16.3,89,6.9,198,82.9,6.1,1,174,85,88.7,22.7,6.61,2.4,1.94,1.72,4,medium,7
540,solar,storage,22.3,66.1,44,0,61,92.8,0.1,12,101,81,76.7,12.6,2.78,10.71,2.49,2.45,2,medium,3
541,wind,production,23.3,82.0,75,10.8,46,71.6,6.8,12,385,70,61.0,14.8,4.26,3.86,3.75,3.23,1,critical,2
542,solar,production,38.9,108.1,64,0,137,90.3,1.5,9,210,81,28.0,21.9,10.73,14.29,4.37,4.26,5,critical,8
543,hydro,distribution,34.1,79.5,65,0,135,81.5,3.1,12,104,68,86.4,18.0,6.51,9.32,3.04,2.96,0,low,9
544,hydro,forecast,19.7,47.1,52,0,38,61.3,5.0,8,295,77,65.6,21.4,2.51,7.84,3.99,3.75,0,low,9
545,wind,storage,38.3,67.3,60,2.0,34,86.0,5.3,4,260,69,76.1,11.0,7.0,0.27,4.03,3.86,2,critical,4
546,wind,storage,28.3,3.0,68,9.2,251,85.0,4.4,8,84,62,44.1,21.8,12.68,11.86,3.79,3.24,2,critical,4
547,hydro,forecast,39.6,61.3,64,1.2,116,86.5,2.9,11,58,55,96.0,19.6,11.69,14.75,2.25,2.01,5,critical,8
548,hydro,forecast,29.4,63.1,8,9.3,240,79.8,0.6,8,205,93,13.9,8.3,12.86,2.61,4.12,3.69,0,low,0
549,wind,production,35.0,15.2,98,8.8,225,82.3,5.1,16,339,73,17.0,5.8,3.08,2.83,2.45,2.19,1,critical,2
550,solar,production,38.9,22.3,25,1.0,168,90.1,2.6,15,234,96,39.9,5.3,10.45,9.65,2.1,1.83,1,medium,1
551,wind,storage,18.2,31.1,45,5.0,185,60.6,1.0,8,324,74,47.6,15.6,6.54,9.11,4.46,4.12,2,critical,4
552,hydro,production,24.4,91.4,63,0,126,80.0,4.1,17,397,60,44.8,9.1,2.57,0.55,3.09,2.67,1,critical,2
553,wind,production,36.5,56.2,10,5.8,256,63.1,3.6,1,295,63,61.5,10.8,11.61,2.42,3.17,2.82,1,critical,2
554,solar,storage,39.3,6.6,94,13.9,46,71.5,2.8,7,80,90,70.3,20.3,10.01,15.0,2.39,2.28,5,critical,8
555,wind,production,31.5,37.1,8,10.1,62,61.1,0.1,6,140,73,69.4,12.9,11.69,0.95,2.01,1.97,1,critical,2
556,hydro,forecast,40.5,49.0,29,0,254,71.7,4.1,11,154,99,5.6,14.7,7.63,5.27,3.34,2.85,0,low,0
557,solar,storage,19.5,24.0,18,0,159,80.0,6.6,15,53,55,17.0,16.9,13.02,9.26,3.66,3.26,2,critical,4
558,hydro,production,18.5,97.6,90,0,246,67.3,7.1,2,83,84,38.1,22.4,2.39,10.23,3.53,3.14,1,critical,2
559,solar,production,37.0,31.5,57,4.3,86,82.1,2.5,1,380,87,42.4,7.7,1.61,14.08,4.87,4.31,5,critical,8
560,wind,forecast,37.1,74.7,53,3.0,104,65.3,6.1,15,298,93,93.4,20.9,9.06,13.11,3.7,3.57,4,critical,4
561,wind,distribution,20.1,75.5,69,16.1,195,91.4,2.3,18,220,95,49.7,6.7,8.53,9.29,2.87,2.78,3,medium,5
562,hydro,storage,22.4,76.0,39,8.6,127,96.4,7.9,3,165,77,21.3,11.3,5.42,0.25,3.52,3.27,2,medium,3
563,wind,storage,39.0,58.5,51,3.1,115,78.0,7.3,14,135,76,9.3,23.0,3.43,10.98,2.83,2.59,2,medium,3
564,wind,distribution,22.6,80.1,9,0,223,74.2,6.1,11,202,75,20.5,17.9,12.49,9.15,3.97,3.63,3,medium,5
565,wind,storage,30.0,92.3,57,7.1,183,84.7,1.4,18,219,59,14.1,19.6,8.84,3.43,4.14,3.55,2,critical,4
566,hydro,forecast,21.8,93.6,37,0.1,80,62.2,0.6,13,354,60,69.9,5.5,2.47,14.5,1.86,1.85,5,critical,8
567,hydro,storage,24.0,66.7,87,0,153,86.0,3.9,12,179,87,66.1,19.1,5.05,8.34,3.96,3.73,5,medium,9
568,wind,production,28.9,8.4,81,14.1,258,72.4,5.8,4,282,81,76.7,20.3,3.91,1.8,3.71,3.16,3,critical,4
569,solar,forecast,22.8,54.0,4,0,91,71.6,7.6,19,322,60,19.1,2.7,1.06,6.15,2.92,2.55,0,low,0
570,solar,forecast,27.0,39.9,49,9.7,120,94.8,3.1,8,305,82,8.4,7.8,3.49,12.26,3.25,2.98,5,critical,8
571,wind,storage,23.9,17.4,26,13.4,235,73.5,3.6,5,28,76,96.2,4.4,3.56,1.57,4.17,3.8,2,critical,4
572,solar,forecast,22.6,103.0,53,0,103,79.2,2.9,1,319,62,30.3,12.8,4.45,6.3,2.34,2.22,4,critical,7
573,wind,storage,37.0,35.4,75,9.8,169,71.1,2.0,2,301,95,42.6,2.0,11.88,1.22,3.17,2.75,2,critical,4
574,wind,storage,34.5,72.6,88,9.4,178,80.1,1.6,15,338,63,80.7,2.6,3.05,7.22,2.4,2.09,2,critical,4
575,wind,forecast,22.1,2.8,26,0,252,75.1,5.6,20,191,81,34.9,9.8,2.8,6.8,2.87,2.77,4,medium,7
576,wind,storage,26.0,35.3,62,4.4,171,69.9,7.1,8,396,69,80.3,18.7,1.01,4.32,2.44,2.16,2,critical,4
577,wind,forecast,26.4,38.6,81,7.9,201,79.5,6.5,3,194,89,87.2,8.0,3.47,0.2,4.11,3.95,4,medium,7
578,wind,storage,36.9,88.2,81,5.4,138,87.1,4.7,19,360,98,68.9,7.8,7.75,16.71,2.35,2.25,5,critical,8
579,solar,storage,23.1,26.2,31,3.9,50,66.2,5.1,12,278,66,14.7,13.7,4.64,3.5,4.62,4.23,2,critical,4
580,solar,forecast,37.2,47.3,64,0,166,87.0,1.0,2,210,55,65.3,17.9,9.43,0.51,4.96,4.27,4,medium,7
581,hydro,storage,20.1,7.8,65,8.0,33,71.4,6.4,15,104,72,38.8,17.2,10.91,1.69,3.05,3.0,2,critical,4
582,solar,distribution,19.9,76.0,81,20.7,250,83.1,2.8,11,287,76,65.1,18.2,5.09,14.2,3.2,3.02,3,critical,6
583,wind,production,27.9,91.1,67,2.2,199,95.6,7.9,15,366,80,93.2,20.3,7.25,9.98,3.07,2.8,1,critical,2
584,solar,production,20.2,33.2,17,0,30,87.3,4.9,5,139,90,14.4,9.3,11.01,6.69,2.11,1.86,1,critical,2
585,wind,forecast,41.9,18.6,61,9.6,99,61.3,4.7,12,43,73,99.7,6.8,12.09,6.0,3.66,3.2,4,medium,7
586,wind,distribution,33.3,81.9,13,0,89,64.1,2.6,14,87,74,10.2,17.2,10.95,11.72,1.85,1.85,3,medium,5
587,solar,distribution,23.3,19.9,34,0,214,97.2,0.0,16,225,97,7.1,5.6,2.43,5.71,3.5,3.41,0,low,0
588,solar,production,29.5,69.2,90,12.6,210,91.2,2.0,20,252,91,98.5,21.7,8.06,12.3,1.98,1.7,2,critical,5
589,solar,forecast,32.8,54.1,83,16.4,258,84.5,7.5,12,62,96,30.1,14.6,8.74,0.0,3.5,3.09,4,medium,7
590,wind,storage,29.7,10.3,72,5.3,148,77.6,0.3,19,144,99,38.0,7.9,7.27,3.74,2.03,1.78,2,critical,4
591,hydro,distribution,29.8,33.4,65,0,226,73.3,1.5,1,152,93,39.2,20.5,13.92,5.02,3.43,3.16,3,medium,5
592,solar,storage,36.1,8.6,29,0.9,111,86.0,4.5,18,194,67,37.6,5.8,11.63,4.92,3.53,3.06,2,critical,4
593,hydro,production,26.5,64.5,9,0,136,85.2,5.3,18,190,61,51.8,13.0,9.71,6.67,3.4,3.14,1,critical,2
594,solar,production,36.1,83.3,50,16.9,45,69.2,5.6,8,187,75,99.8,20.9,9.13,1.11,2.72,2.69,4,critical,2
595,solar,distribution,27.9,65.9,85,7.5,115,60.6,2.9,9,127,62,33.2,6.4,4.73,14.84,1.97,1.8,5,critical,4
596,hydro,storage,33.4,55.7,57,3.8,56,97.7,1.0,12,286,95,86.9,2.2,9.03,0.96,4.68,4.39,2,critical,4
597,hydro,distribution,41.1,67.9,83,0,192,88.3,5.1,6,193,91,22.4,22.2,10.48,1.78,2.02,1.8,3,medium,5
598,hydro,storage,22.2,7.0,25,2.1,239,60.3,3.5,4,345,89,92.7,23.7,10.95,1.04,3.62,3.1,0,low,0
599,solar,production,25.8,98.2,94,5.8,109,60.7,1.1,7,343,73,91.7,14.4,5.61,6.95,2.21,1.99,5,critical,6
600,hydro,distribution,34.9,50.0,37,3.7,132,78.0,3.5,7,161,93,73.8,6.0,10.83,0.79,4.77,4.49,3,medium,5
601,solar,production,41.5,45.4,15,5.5,89,93.0,4.2,3,400,81,95.6,22.0,2.07,7.12,4.99,4.42,1,medium,1
602,wind,forecast,30.7,94.8,20,8.2,38,68.1,3.9,20,326,73,34.3,23.2,13.45,6.35,4.79,4.31,4,critical,7
603,solar,storage,28.2,66.0,88,0,193,89.8,7.1,1,284,63,56.6,23.7,5.33,17.9,4.91,4.18,2,critical,4
604,wind,production,28.5,77.4,51,0,182,76.9,0.3,16,306,93,37.4,17.0,1.08,14.55,2.65,2.62,5,critical,8
605,wind,storage,22.0,19.4,5,0,248,61.9,2.9,13,47,84,39.0,5.1,9.82,7.34,1.82,1.7,2,critical,4
606,hydro,forecast,39.3,61.6,18,4.8,184,67.5,1.4,18,238,86,14.7,10.7,13.65,10.74,3.36,2.87,0,low,9
607,wind,production,27.4,38.8,62,0,180,93.5,5.8,12,214,72,72.9,6.8,9.91,0.74,4.96,4.55,1,critical,2
608,solar,forecast,28.1,96.3,85,0,213,79.1,7.6,8,198,92,91.5,7.7,11.88,13.23,2.11,1.86,5,critical,8
609,wind,storage,41.7,108.0,74,15.2,133,96.3,1.6,16,225,90,58.0,6.0,3.89,5.94,3.09,3.01,2,critical,4
610,solar,storage,22.9,62.1,30,3.0,186,88.9,7.2,13,34,74,21.3,20.9,10.27,4.68,3.32,3.13,2,critical,4
611,solar,distribution,30.5,33.3,78,3.5,139,70.5,4.0,2,230,72,94.4,10.7,2.02,3.03,3.17,2.98,0,low,0
612,solar,storage,30.9,93.8,86,0,242,69.0,5.9,4,177,97,65.8,10.1,9.38,6.22,3.05,2.77,0,low,0
613,solar,production,22.3,23.1,77,16.0,55,85.3,2.7,9,111,72,84.1,13.4,4.82,3.35,2.11,1.86,1,medium,1
614,hydro,distribution,35.4,3.6,65,9.6,81,78.8,5.2,5,308,88,95.7,23.3,11.97,0.01,3.28,2.92,3,medium,5
615,wind,storage,40.3,108.6,70,6.3,220,83.4,2.4,9,358,66,71.2,23.0,8.48,9.85,1.88,1.86,2,critical,4
616,solar,production,41.8,80.2,32,2.7,237,67.3,2.4,17,100,100,46.7,15.2,1.8,4.6,3.19,3.13,1,critical,2
617,wind,forecast,32.7,18.7,27,7.3,81,98.6,4.0,12,20,79,97.6,5.5,6.13,12.48,2.96,2.85,5,critical,8
618,wind,forecast,27.8,80.2,82,1.3,170,74.0,6.2,5,307,93,10.3,18.2,8.56,1.67,3.18,3.04,4,medium,7
619,wind,production,27.8,32.2,94,11.5,221,74.3,0.9,13,17,95,62.8,14.5,11.48,3.24,3.8,3.28,1,critical,2
620,solar,production,26.8,7.1,62,3.8,48,91.1,2.2,13,206,83,8.7,12.1,12.16,10.1,2.98,2.92,1,medium,1
621,solar,distribution,40.9,69.5,12,0,72,76.7,4.0,17,19,81,7.7,2.1,9.75,3.51,3.78,3.43,2,medium,4
622,hydro,forecast,27.6,47.0,44,6.1,99,86.9,1.9,10,247,68,82.6,15.4,11.01,9.5,4.34,3.98,0,low,9
623,hydro,forecast,19.3,36.8,97,0,207,86.9,2.0,9,234,75,45.9,24.8,9.74,0.89,3.91,3.45,4,medium,7
624,hydro,storage,19.9,87.8,36,24.1,103,80.3,4.4,2,368,96,36.0,13.9,7.07,4.44,2.06,1.77,2,medium,3
625,wind,production,30.0,48.9,84,8.3,235,66.0,2.1,4,342,61,21.0,10.9,4.56,8.16,1.91,1.82,3,critical,3
626,solar,forecast,32.6,89.8,81,0,89,78.6,3.6,1,301,56,55.1,3.9,1.5,11.88,4.71,4.59,4,medium,7
627,wind,forecast,34.8,97.8,75,7.4,133,70.4,0.1,4,52,93,54.3,4.7,13.4,6.61,3.29,3.27,4,critical,7
628,solar,production,27.8,18.6,100,0,123,65.9,1.8,18,28,89,85.0,9.5,8.2,0.92,3.59,3.27,5,critical,4
629,solar,storage,34.0,5.6,51,3.5,156,86.3,5.3,17,316,82,38.9,16.3,5.65,9.24,2.78,2.38,2,medium,3
630,wind,forecast,20.8,91.0,1,17.0,94,65.8,4.8,4,373,79,76.3,7.6,3.67,1.44,2.16,2.06,4,critical,7
631,wind,production,38.6,14.6,60,7.0,61,74.5,2.4,8,303,60,47.5,10.9,11.45,5.57,3.23,3.14,1,critical,2
632,wind,production,38.2,17.5,73,13.1,129,69.2,3.1,20,379,65,30.4,4.0,6.2,0.36,2.38,2.11,1,critical,2
633,wind,distribution,28.1,93.3,66,0,207,98.3,0.8,12,271,92,83.2,21.6,12.08,1.0,4.04,3.58,0,medium,0
634,hydro,storage,25.2,56.9,67,3.7,131,77.9,5.3,13,172,81,72.2,14.6,9.33,26.39,3.12,2.77,5,critical,8
635,wind,storage,25.8,69.8,92,3.0,63,76.5,2.3,14,162,79,66.4,24.3,1.61,4.12,3.14,3.12,2,medium,3
636,wind,distribution,34.0,23.9,10,0,111,89.3,6.7,19,384,98,64.7,15.4,5.52,8.69,3.65,3.39,0,low,9
637,solar,forecast,36.5,58.8,81,0,191,63.3,6.8,17,97,84,22.8,5.4,1.68,1.43,1.84,1.84,4,medium,7
638,hydro,storage,28.4,107.7,60,13.5,69,70.5,5.2,2,332,66,68.8,20.1,3.5,1.95,3.08,2.73,2,critical,4
639,hydro,distribution,28.8,61.5,91,10.9,169,98.3,2.6,19,66,78,33.8,17.4,7.8,8.03,4.92,4.35,0,low,9
640,wind,distribution,36.7,14.2,5,0,50,73.0,3.4,2,334,73,18.4,18.3,8.18,6.49,2.32,2.13,3,medium,5
641,wind,production,35.3,64.7,29,4.2,252,89.0,3.4,3,140,86,47.5,6.2,4.34,19.2,2.5,2.45,0,low,9
642,solar,distribution,27.4,84.0,87,4.5,256,60.2,1.1,3,318,76,13.5,8.4,10.9,3.7,2.58,2.36,3,medium,5
643,solar,production,25.0,99.1,41,0,195,95.1,4.6,11,186,59,9.7,7.2,12.43,5.28,4.97,4.74,5,critical,2
644,solar,forecast,37.1,74.7,79,7.0,79,73.3,5.8,19,24,86,17.6,21.9,4.2,6.07,3.99,3.42,4,medium,7
645,hydro,forecast,27.4,97.9,55,0,70,60.1,7.2,19,117,57,46.9,16.3,4.85,8.42,4.06,3.62,4,critical,7
646,solar,storage,32.0,91.4,68,21.8,246,66.7,2.8,6,86,96,29.8,11.4,8.36,9.0,1.86,1.85,4,medium,4
647,hydro,storage,25.7,107.9,24,15.9,30,72.8,7.1,15,364,83,24.8,20.9,8.47,9.31,2.72,2.55,2,medium,3
648,solar,storage,35.1,9.5,7,10.3,192,95.0,5.4,19,62,88,88.0,17.7,9.25,10.77,3.12,3.01,5,medium,9
649,hydro,storage,34.5,15.9,35,0,70,69.0,7.3,2,217,93,77.0,16.0,2.95,5.31,2.45,2.13,0,low,0
650,solar,storage,41.6,17.9,37,3.1,140,74.9,0.1,9,150,71,50.3,16.9,1.57,4.14,3.37,3.0,2,critical,4
651,hydro,production,18.9,26.5,32,7.1,54,88.4,7.0,8,152,58,50.8,21.0,13.02,1.85,3.51,3.33,1,critical,2
652,solar,distribution,19.7,5.9,79,5.7,58,72.8,1.7,11,75,86,54.5,22.1,6.81,6.2,4.04,3.71,0,low,0
653,hydro,forecast,40.3,81.9,46,9.3,149,84.3,0.2,15,213,93,9.4,12.0,8.67,14.03,4.71,4.31,2,critical,4
654,solar,production,21.2,55.1,90,0,72,96.3,1.1,14,167,84,18.6,2.8,3.24,3.79,3.53,3.17,0,low,0
655,wind,production,21.0,7.4,35,1.4,256,70.8,4.0,14,255,57,59.6,23.0,2.68,5.93,2.8,2.47,1,critical,2
656,hydro,forecast,41.2,29.5,51,12.3,221,66.1,5.0,1,399,89,37.6,24.5,11.37,1.4,1.79,1.73,4,low,1
657,solar,forecast,39.3,58.0,81,0,39,62.3,5.2,16,342,82,51.0,14.8,12.69,12.96,3.93,3.76,5,critical,8
658,hydro,forecast,19.9,64.1,99,2.0,136,98.2,1.4,7,343,92,18.3,8.3,2.63,5.98,3.37,2.91,4,medium,7
659,solar,storage,28.7,78.1,24,29.2,30,66.8,1.2,7,247,70,73.9,6.0,1.14,3.27,2.0,1.91,2,critical,4
660,wind,forecast,32.2,8.7,71,11.4,256,97.7,7.3,10,281,99,50.3,17.8,3.25,13.2,2.41,2.34,5,critical,8
661,wind,storage,19.2,42.7,32,0,132,80.0,3.8,19,164,61,59.1,17.7,3.46,1.17,1.77,1.54,2,critical,4
662,wind,forecast,40.7,47.1,69,5.6,140,93.9,5.5,3,25,84,26.6,19.6,4.65,6.16,2.9,2.5,0,medium,3
663,wind,storage,23.8,101.2,98,0,175,98.9,6.3,17,92,68,30.7,10.1,5.61,16.44,3.02,2.68,5,critical,8
664,hydro,storage,26.4,88.7,53,9.1,67,86.6,5.1,6,45,71,33.2,12.6,8.13,6.02,2.65,2.38,2,critical,4
665,solar,storage,39.4,11.1,10,0,227,70.3,1.7,18,298,77,54.4,13.1,5.14,2.98,1.55,1.5,2,medium,3
666,wind,forecast,33.5,66.6,69,11.1,130,96.0,4.8,13,22,85,76.6,3.2,6.64,2.3,3.38,3.1,4,medium,7
667,hydro,storage,18.3,90.5,59,9.1,120,81.0,0.6,9,224,86,26.0,22.8,6.45,13.36,3.56,3.12,5,critical,8
668,hydro,storage,22.0,82.6,42,0,82,63.7,0.2,15,134,99,93.3,8.3,1.58,10.51,4.3,4.06,2,critical,4
669,solar,production,36.6,108.3,51,6.6,140,82.7,5.5,15,227,63,39.2,24.3,2.3,4.49,3.17,2.98,1,critical,2
670,solar,distribution,35.6,101.2,79,10.0,222,90.3,3.5,20,282,86,31.3,11.3,8.53,7.25,4.41,3.81,3,medium,5
671,hydro,storage,40.7,61.6,65,9.3,194,70.9,4.5,7,14,83,68.8,6.0,5.25,9.65,2.53,2.19,2,critical,4
672,hydro,distribution,20.8,8.3,81,9.2,65,64.5,5.4,11,344,61,85.8,13.0,13.63,14.28,2.93,2.52,5,critical,8
673,solar,forecast,28.0,92.2,56,0,240,74.4,0.2,19,362,66,10.2,17.3,8.32,12.57,2.05,1.9,5,critical,8
674,hydro,forecast,20.1,71.8,61,9.1,39,60.7,5.6,11,268,88,45.0,14.6,11.45,9.27,2.95,2.68,4,medium,7
675,solar,production,19.3,39.7,14,7.4,47,88.3,3.2,17,36,87,12.3,7.1,5.85,3.4,4.9,4.77,1,critical,2
676,solar,distribution,34.2,8.9,93,4.4,133,60.5,2.4,5,102,78,37.3,19.8,13.72,7.34,2.19,2.11,3,medium,5
677,hydro,storage,21.5,66.1,81,5.2,204,66.9,7.2,20,285,99,69.3,17.0,3.4,0.95,3.82,3.66,0,low,0
678,solar,production,26.1,76.4,67,1.3,234,70.6,2.3,2,121,86,43.5,21.9,5.28,1.69,4.69,4.08,1,critical,2
679,hydro,storage,36.8,84.2,13,7.2,93,74.7,4.0,20,359,63,71.0,14.1,4.37,1.42,2.12,2.11,0,critical,8
680,solar,storage,25.6,100.3,40,0,56,72.8,3.7,9,296,70,68.7,7.2,5.42,9.93,4.08,3.87,2,critical,4
681,solar,forecast,21.0,59.8,22,11.3,66,60.6,2.3,11,367,86,69.5,3.2,4.64,7.14,2.59,2.42,4,medium,7
682,solar,forecast,21.8,13.2,55,9.9,126,64.2,6.1,16,213,77,17.5,9.7,5.32,7.55,2.6,2.28,4,medium,7
683,solar,forecast,32.2,49.9,36,8.1,125,86.2,5.1,10,226,82,19.5,21.8,11.67,0.14,3.55,3.47,4,medium,7
684,wind,distribution,34.0,14.6,41,12.8,256,92.1,5.0,11,236,68,23.2,16.4,5.8,5.22,2.13,1.96,0,low,0
685,solar,distribution,27.9,56.7,80,2.5,101,72.5,6.1,4,155,79,89.2,4.7,7.11,0.11,4.19,3.82,0,low,0
686,hydro,production,22.7,20.5,81,11.6,185,72.8,8.0,1,23,78,61.2,15.9,7.45,10.86,3.33,3.09,1,critical,2
687,hydro,distribution,20.3,12.1,26,17.1,163,70.9,5.3,9,151,71,86.3,5.3,1.99,0.04,1.57,1.35,0,low,0
688,wind,distribution,21.6,106.0,44,5.9,180,83.3,7.2,4,225,65,48.8,24.6,8.89,6.38,3.06,2.96,3,medium,5
689,solar,production,18.1,63.5,96,0,200,75.7,0.4,7,197,74,7.4,2.6,7.74,0.7,4.11,3.74,1,critical,2
690,wind,forecast,21.5,39.4,14,7.0,215,88.5,4.0,3,391,92,23.0,11.1,10.23,24.23,1.8,1.8,5,critical,8
691,solar,forecast,33.8,63.2,20,0,67,69.3,1.1,15,281,85,32.2,14.1,2.94,5.69,2.04,1.76,0,low,0
692,solar,forecast,24.9,105.6,64,13.7,54,65.1,1.6,1,228,90,94.5,13.9,9.78,18.59,2.22,1.95,4,critical,7
693,solar,forecast,34.8,51.0,42,7.7,93,87.0,5.2,18,104,95,41.3,18.3,2.52,2.61,4.78,4.4,4,medium,7
694,solar,forecast,38.3,109.2,55,3.0,148,69.6,0.4,6,288,71,42.0,5.7,11.41,7.99,3.06,2.74,4,critical,7
695,hydro,production,41.5,43.9,82,0.4,247,94.0,1.2,2,278,98,52.0,3.4,4.33,4.39,3.65,3.26,1,medium,1
696,solar,forecast,22.6,82.8,26,9.2,142,74.7,4.2,9,180,100,45.3,21.3,9.73,4.12,3.83,3.45,4,medium,7
697,hydro,production,27.6,96.7,92,0,226,84.0,4.3,11,198,70,71.3,3.5,6.17,0.78,4.25,3.66,1,medium,1
698,solar,distribution,39.4,40.6,25,0,109,72.6,7.7,20,199,90,51.0,5.8,8.2,4.65,1.8,1.77,3,medium,5
699,solar,storage,34.0,35.1,43,0,141,75.9,2.3,14,151,71,35.5,6.1,1.57,7.11,4.88,4.75,2,critical,4
700,solar,storage,39.0,76.5,18,0,158,70.4,2.2,4,325,85,27.5,4.8,13.52,13.16,2.25,2.21,5,critical,8
701,solar,distribution,39.9,76.2,82,0.6,146,85.8,3.0,1,145,60,16.8,20.5,11.23,0.38,1.85,1.68,3,medium,5
702,hydro,production,18.9,54.9,56,0,158,66.6,1.8,15,251,62,7.7,11.5,4.68,3.96,4.29,4.02,1,critical,2
703,hydro,distribution,37.4,40.6,11,7.4,122,78.0,3.4,18,150,92,79.9,24.7,2.35,1.5,4.18,4.15,0,low,0
704,solar,production,25.3,34.5,87,2.8,199,82.1,4.7,16,241,72,23.5,14.2,8.67,0.96,4.4,3.98,1,critical,2
705,wind,storage,25.9,38.5,94,6.9,175,67.7,6.8,8,85,99,99.5,3.0,10.07,4.0,3.47,3.2,2,critical,4
706,wind,production,29.7,97.7,48,13.5,162,64.7,3.9,2,267,67,63.6,11.9,6.66,8.17,3.43,3.33,1,critical,2
707,wind,storage,30.7,101.0,11,0,124,83.4,2.6,10,187,58,19.0,9.3,6.1,6.53,2.74,2.37,2,critical,4
708,solar,production,32.5,30.4,11,4.4,130,87.7,2.7,17,182,65,17.9,6.9,7.35,4.28,3.81,3.27,1,critical,2
709,hydro,production,37.7,7.3,30,7.3,156,95.7,4.4,8,173,63,56.8,7.8,13.08,1.79,2.5,2.4,0,low,0
710,hydro,distribution,22.1,63.0,71,10.1,76,73.4,1.5,14,169,72,98.4,11.1,9.59,0.6,2.0,1.77,3,medium,5
711,wind,production,29.8,54.7,35,4.6,223,78.6,3.2,2,357,91,16.4,17.9,3.17,6.92,2.46,2.24,1,medium,0
712,hydro,distribution,32.5,58.8,97,0,175,89.0,4.3,11,68,57,86.8,4.2,9.55,2.76,2.35,2.19,3,medium,5
713,hydro,production,21.6,66.8,30,0,51,69.7,5.5,7,395,88,32.7,18.6,8.52,12.88,4.7,4.62,1,critical,2
714,solar,forecast,25.8,68.5,68,4.2,39,87.8,1.3,16,312,73,36.5,17.5,5.97,9.92,2.71,2.53,3,medium,1
715,solar,storage,32.4,10.8,4,5.9,257,71.1,6.9,15,341,63,27.1,22.6,6.37,5.49,2.76,2.39,2,critical,4
716,wind,forecast,28.6,95.3,82,0,153,84.3,7.3,14,358,60,58.4,7.4,2.51,11.75,3.76,3.39,4,critical,7
717,wind,storage,26.4,106.0,54,8.0,236,64.1,0.2,13,361,69,13.0,10.4,9.08,7.62,4.51,3.83,2,critical,4
718,hydro,production,25.6,61.0,92,0,96,76.9,3.9,3,229,59,6.7,13.0,5.11,3.94,3.22,2.89,1,critical,2
719,solar,production,31.6,79.3,41,10.9,211,67.5,1.7,14,198,82,69.5,12.7,11.87,18.34,2.91,2.54,1,critical,2
720,hydro,forecast,21.2,104.6,67,0.6,173,67.8,5.1,17,189,76,75.0,24.3,1.39,4.07,4.54,4.06,4,critical,7
721,wind,storage,27.5,30.6,23,3.1,154,90.9,4.8,5,180,60,99.7,16.7,9.66,4.86,1.93,1.72,2,critical,4
722,hydro,distribution,38.4,10.6,95,0,59,63.7,7.8,4,248,92,87.4,20.4,12.21,6.15,2.62,2.28,3,medium,5
723,solar,storage,39.1,27.1,78,0,80,85.6,5.8,18,215,95,47.9,5.7,1.14,0.63,2.67,2.44,2,critical,4
724,hydro,distribution,23.4,40.0,2,6.8,159,98.5,1.0,13,56,74,91.9,9.3,2.69,14.3,2.58,2.35,5,critical,4
725,hydro,production,38.7,96.2,46,8.9,230,84.8,2.8,13,84,55,34.5,8.1,4.6,2.03,3.63,3.41,1,medium,1
726,wind,storage,25.1,34.9,24,2.5,63,65.8,4.6,19,400,90,18.6,15.1,11.34,10.31,2.91,2.65,5,medium,9
727,wind,production,24.3,48.9,56,0,39,82.1,1.0,16,216,97,83.4,24.7,11.95,2.59,4.82,4.4,1,critical,2
728,wind,storage,20.9,59.5,22,0,47,69.8,1.5,20,171,95,59.4,13.0,14.0,6.63,3.51,3.44,0,low,0
729,wind,forecast,26.2,39.1,25,4.3,193,92.8,3.4,15,39,86,98.9,22.1,8.74,13.91,2.85,2.46,5,critical,8
730,solar,storage,25.9,69.3,50,1.7,140,66.2,2.9,13,210,75,26.1,15.2,6.38,2.62,3.02,2.81,2,medium,3
731,hydro,forecast,38.9,14.8,0,24.2,103,62.9,6.6,10,359,62,42.3,23.1,4.66,1.24,3.38,2.91,4,critical,7
732,solar,forecast,39.0,81.6,63,3.9,184,78.1,6.1,7,130,76,17.7,22.7,10.03,20.39,4.81,4.72,5,critical,8
733,solar,distribution,36.7,34.8,100,2.1,96,97.7,3.5,3,289,58,30.7,6.5,11.21,9.0,2.42,2.21,3,medium,5
734,hydro,forecast,25.6,45.6,84,10.3,225,90.1,5.3,15,129,97,27.0,23.9,13.09,5.51,1.62,1.49,4,medium,7
735,wind,forecast,24.8,22.3,19,20.1,126,98.9,5.2,4,309,89,62.1,6.4,5.82,11.53,3.71,3.37,4,critical,7
736,solar,production,31.2,39.0,70,1.4,42,72.3,5.5,12,174,57,36.4,7.9,4.29,1.92,1.74,1.66,1,critical,2
737,wind,storage,33.5,26.5,76,2.5,242,64.4,4.8,19,205,92,39.3,9.4,2.66,5.62,1.66,1.46,2,critical,4
738,wind,storage,22.9,109.1,73,3.8,76,64.6,5.3,7,52,93,9.3,24.9,8.53,4.73,3.62,3.28,0,low,0
739,hydro,storage,32.1,42.9,27,1.6,71,70.4,3.0,8,356,90,80.6,21.3,10.75,6.19,2.06,1.99,2,medium,3
740,solar,storage,35.5,20.5,98,3.5,240,64.2,1.2,17,381,65,88.5,23.1,13.26,0.02,4.85,4.51,2,critical,4
741,solar,forecast,18.5,57.0,66,3.8,150,73.0,0.2,16,68,85,51.6,20.4,13.86,5.13,4.75,4.39,4,medium,7
742,hydro,storage,38.8,88.7,69,0,162,78.2,6.9,8,84,63,17.7,11.5,9.26,3.59,4.24,4.14,2,critical,4
743,hydro,forecast,35.5,88.5,34,6.8,138,73.8,4.1,2,55,91,16.6,19.3,5.28,5.31,3.59,3.18,0,low,0
744,hydro,production,26.6,16.9,62,3.2,55,73.0,2.8,13,233,73,7.2,11.0,2.69,8.39,4.11,3.95,1,critical,2
745,wind,storage,20.3,30.3,10,2.6,72,61.1,2.9,1,183,94,33.3,2.3,9.9,1.25,2.26,2.22,2,critical,4
746,solar,storage,30.0,103.5,1,17.7,245,83.2,3.1,1,202,61,74.8,3.0,2.37,7.44,4.69,4.12,3,critical,5
747,hydro,storage,18.2,73.8,80,8.2,211,89.8,6.6,7,242,59,24.4,22.2,2.33,1.41,4.85,4.31,2,critical,4
748,hydro,storage,21.1,80.3,96,15.8,109,88.9,4.9,12,170,95,98.8,10.7,7.5,0.37,1.73,1.47,2,medium,3
749,solar,production,36.3,81.0,79,0.7,180,98.3,1.3,16,135,100,5.8,20.1,6.74,5.59,2.97,2.73,3,critical,8
750,solar,distribution,26.2,98.2,10,6.0,170,84.4,1.0,5,184,61,77.6,7.3,9.94,6.57,1.58,1.47,3,medium,5
751,solar,production,19.2,105.3,51,3.9,43,88.0,6.1,3,259,65,6.5,2.2,6.21,4.55,2.73,2.59,1,critical,2
752,wind,distribution,31.5,43.7,42,0,107,74.9,7.5,1,61,63,23.8,8.9,13.48,4.1,1.57,1.35,3,medium,5
753,solar,distribution,34.0,32.2,40,13.0,114,85.7,2.8,19,261,86,63.8,22.9,6.64,3.78,3.13,2.88,0,low,0
754,hydro,distribution,36.7,57.6,4,3.6,245,73.7,5.1,11,166,81,58.4,14.4,6.48,8.27,3.66,3.34,0,low,9
755,solar,distribution,18.9,35.9,29,0,66,90.7,2.3,7,70,96,83.0,8.4,10.41,12.11,2.03,1.95,3,critical,6
756,solar,storage,22.9,30.6,9,0,101,81.8,6.9,2,285,87,55.5,7.1,4.41,1.96,3.78,3.46,2,critical,4
757,hydro,forecast,25.1,43.4,7,0,222,65.7,1.2,9,97,58,51.1,18.4,8.0,3.82,3.3,3.17,0,low,0
758,solar,production,34.6,84.2,39,13.8,102,91.5,3.7,17,69,85,11.5,23.5,8.42,5.73,1.95,1.83,1,critical,2
759,solar,distribution,19.1,80.7,19,0,169,85.8,6.2,10,268,72,79.0,21.4,12.42,8.81,2.37,2.33,3,medium,5
760,hydro,production,19.4,65.7,89,0,183,84.0,4.4,1,305,80,58.9,22.1,2.57,4.36,5.0,4.72,1,medium,6
761,wind,forecast,25.9,75.5,76,0.8,132,61.9,1.8,9,248,80,5.6,22.3,1.24,4.47,4.24,3.61,4,medium,7
762,hydro,forecast,36.8,104.1,24,7.2,200,71.4,1.9,2,227,85,96.4,2.6,5.94,4.04,3.33,3.09,3,critical,2
763,solar,forecast,22.1,87.9,2,12.0,54,93.8,6.9,9,330,56,96.0,24.7,1.89,2.56,2.22,2.04,4,medium,7
764,solar,distribution,24.1,18.6,86,0,56,70.9,2.3,9,114,92,6.8,19.6,9.3,2.02,2.24,1.95,3,medium,5
765,wind,forecast,40.3,44.2,0,5.2,175,95.3,4.3,13,186,82,28.8,6.3,5.45,4.15,2.94,2.74,0,low,0
766,solar,production,35.4,15.7,10,0,167,72.5,3.7,1,102,63,95.7,12.8,4.81,13.92,1.53,1.4,5,critical,8
767,hydro,forecast,31.9,38.9,38,0,172,65.1,2.8,6,341,73,97.7,20.9,1.71,3.72,2.03,1.73,0,low,0
768,solar,distribution,18.4,101.0,28,0,143,75.6,1.4,7,285,70,61.7,9.4,2.44,3.71,2.35,2.18,0,low,0
769,solar,storage,22.6,31.0,80,0,147,74.1,7.1,7,377,94,79.1,6.6,10.72,5.78,1.73,1.7,2,critical,4
770,solar,production,20.9,109.1,84,12.6,40,85.7,2.1,17,290,73,45.2,17.6,3.71,6.9,4.99,4.51,1,critical,2
771,hydro,distribution,37.7,24.6,65,2.1,125,91.0,6.2,4,96,77,98.6,24.9,3.23,5.55,3.32,3.2,0,low,0
772,wind,production,26.6,49.6,41,9.4,98,98.0,2.6,6,148,72,83.8,8.7,1.38,10.15,4.29,3.95,0,low,9
773,solar,storage,22.2,5.9,31,0.5,215,94.5,6.9,19,317,75,36.0,6.7,4.17,2.06,4.4,4.06,2,critical,4
774,hydro,forecast,18.2,4.9,66,6.3,149,60.3,7.3,3,90,99,25.1,15.3,1.57,2.88,3.3,2.94,4,medium,7
775,wind,forecast,24.1,5.8,42,4.4,170,72.4,6.1,10,343,95,94.4,15.1,8.61,6.01,1.98,1.74,4,medium,7
776,wind,production,35.6,92.0,9,14.3,157,82.8,4.9,4,210,58,40.1,15.8,6.28,5.24,2.32,2.26,1,critical,2
777,solar,production,24.3,59.0,8,1.1,175,98.7,3.2,20,47,69,28.1,22.6,13.67,1.28,3.46,3.13,1,critical,2
778,hydro,storage,30.1,70.5,16,4.0,46,66.4,7.0,7,169,84,54.8,11.7,5.09,4.73,2.79,2.52,2,medium,3
779,solar,production,18.1,87.3,63,12.6,81,66.2,3.3,7,161,64,70.1,15.9,13.85,4.74,2.23,2.08,1,critical,2
780,wind,storage,18.1,18.5,65,6.1,134,64.3,1.7,1,71,86,46.9,11.8,10.47,9.69,4.13,3.87,5,medium,9
781,wind,storage,25.1,106.5,41,1.1,63,80.9,4.9,14,172,60,77.8,4.7,2.16,9.16,2.57,2.32,2,critical,4
782,solar,production,34.7,58.5,71,0,228,74.9,0.2,3,33,77,27.5,10.6,2.2,0.32,5.0,4.8,1,critical,2
783,hydro,production,40.8,36.1,94,0,251,64.6,5.5,6,178,57,37.7,5.6,7.34,1.1,3.12,2.82,1,critical,2
784,wind,forecast,39.2,33.1,15,0,193,80.4,6.4,3,189,68,90.3,4.4,10.27,6.95,1.58,1.34,0,low,0
785,hydro,storage,30.6,80.6,41,0,186,68.7,6.9,16,184,93,67.1,7.3,11.99,2.96,2.23,2.07,2,critical,4
786,wind,storage,39.4,103.3,41,10.8,45,67.5,3.2,2,207,66,77.3,13.7,1.65,2.02,3.23,3.19,2,critical,4
787,wind,production,24.0,100.9,11,6.8,181,88.2,0.7,5,329,93,53.8,16.2,12.42,12.45,3.98,3.8,5,critical,8
788,solar,storage,38.2,86.5,63,10.8,112,89.1,6.8,11,292,66,79.8,3.6,8.67,8.06,2.92,2.8,2,critical,4
789,hydro,storage,36.9,66.9,40,0,61,62.9,0.5,6,23,82,38.3,3.7,12.39,1.99,3.41,3.21,0,critical,0
790,hydro,distribution,30.4,8.6,24,0,173,63.5,7.7,5,142,66,27.9,2.0,5.65,18.94,1.93,1.89,5,critical,8
791,solar,production,32.6,15.7,74,0,38,63.2,0.1,12,336,69,53.5,10.5,10.55,10.39,2.33,1.99,1,critical,2
792,solar,distribution,20.7,37.6,18,5.6,31,90.5,2.8,6,272,63,89.7,4.6,6.18,19.35,4.83,4.51,3,critical,6
793,hydro,production,18.5,93.6,51,4.1,41,97.8,4.3,20,373,67,81.9,12.9,13.7,7.64,2.53,2.24,1,critical,2
794,hydro,distribution,27.1,17.1,75,8.9,91,85.6,0.8,8,328,55,71.3,12.1,4.51,1.0,4.48,3.93,0,low,0
795,solar,storage,36.2,86.9,79,0,129,88.2,2.3,8,293,72,46.1,8.8,12.04,9.48,4.18,4.1,2,critical,4
796,hydro,storage,37.7,13.2,82,0,93,66.7,7.2,19,383,74,79.6,22.2,4.47,8.19,3.55,3.42,2,critical,4
797,hydro,forecast,22.7,71.4,83,0,127,70.7,6.6,17,264,84,27.2,5.5,10.96,2.07,3.69,3.67,4,medium,7
798,hydro,forecast,35.4,59.9,45,0,205,80.2,2.0,8,64,67,35.8,5.7,7.48,10.61,1.93,1.86,4,low,6
799,hydro,production,18.8,34.8,40,0,127,61.6,7.2,18,370,87,55.6,11.5,13.43,7.69,1.88,1.75,1,critical,2
800,wind,storage,25.3,94.9,2,4.8,96,84.6,0.4,4,71,97,58.9,20.6,9.48,9.22,3.83,3.8,5,medium,9
801,hydro,forecast,20.4,2.4,42,0,77,76.7,5.2,13,199,71,32.6,8.6,11.47,15.81,4.17,4.07,5,critical,8
802,wind,storage,35.2,32.8,3,0,191,66.3,3.8,17,312,90,75.0,7.5,8.5,5.84,2.39,2.38,2,critical,4
803,solar,production,32.1,79.6,4,0.5,219,65.1,6.3,7,205,66,97.1,23.1,2.34,4.03,3.92,3.78,1,critical,2
804,wind,distribution,36.7,37.5,48,11.2,232,94.8,0.8,3,259,78,55.0,7.0,13.23,5.28,3.13,2.79,3,medium,5
805,wind,storage,32.7,48.1,49,0,46,87.0,7.2,8,273,84,41.7,15.7,6.34,6.48,4.33,3.71,2,medium,3
806,wind,distribution,26.8,48.6,61,3.3,38,80.8,2.6,5,13,72,48.5,12.1,2.06,5.12,2.06,1.94,0,low,0
807,hydro,forecast,18.9,99.7,99,0,212,61.2,4.2,8,255,64,75.9,3.0,10.39,7.52,4.34,4.18,4,critical,7
808,wind,production,23.2,53.6,25,14.4,30,68.5,5.8,5,72,71,65.7,19.2,10.75,10.22,3.55,3.24,4,critical,4
809,hydro,distribution,40.4,63.8,13,0,239,88.8,6.0,1,144,81,27.5,13.0,13.52,2.17,3.12,2.71,3,medium,5
810,solar,forecast,29.3,48.8,60,9.8,147,95.5,6.8,12,48,90,56.0,6.5,9.17,5.98,4.1,4.06,4,medium,7
811,solar,forecast,37.0,106.2,34,5.2,149,93.5,5.6,6,292,93,31.3,12.5,12.44,10.8,2.02,1.78,4,critical,7
812,wind,distribution,19.5,7.2,86,6.9,137,98.7,7.0,13,110,69,55.0,13.8,2.11,11.29,4.8,4.45,0,low,9
813,solar,forecast,35.4,75.8,64,2.3,169,79.4,6.0,16,39,86,26.4,19.2,3.95,4.87,3.04,2.66,4,medium,7
814,solar,forecast,22.0,40.9,54,0,74,96.2,1.3,19,40,95,7.0,12.9,5.63,9.17,3.14,2.93,0,low,9
815,solar,forecast,41.6,101.8,1,0,112,90.6,1.9,16,237,57,35.4,10.5,5.54,6.8,2.54,2.5,4,critical,7
816,hydro,forecast,39.3,47.3,39,2.9,181,92.1,7.8,16,261,61,18.6,13.7,11.12,5.83,3.4,2.93,0,low,0
817,wind,distribution,21.1,86.8,60,22.8,156,95.9,2.5,3,85,73,27.2,21.7,2.99,10.75,4.72,4.54,2,low,4
818,hydro,production,29.8,73.1,6,16.1,52,88.9,4.1,12,126,74,99.0,2.7,2.95,1.68,3.46,3.04,0,low,0
819,solar,distribution,18.4,32.9,52,0.4,128,66.9,0.1,9,313,65,81.7,8.3,3.05,7.17,2.67,2.67,0,low,9
820,hydro,production,21.1,30.5,86,6.9,61,64.5,0.0,4,311,100,58.3,12.6,12.88,4.03,2.47,2.41,1,critical,2
821,hydro,distribution,35.1,71.1,32,11.1,198,74.3,6.6,7,181,82,36.1,4.2,8.74,1.41,1.88,1.62,3,medium,5
822,wind,storage,21.2,97.3,92,3.5,70,89.0,1.9,17,95,65,83.3,16.0,4.67,3.47,3.81,3.73,2,critical,4
823,wind,distribution,23.0,19.9,79,0,48,62.9,0.7,13,148,83,20.9,2.2,7.42,5.5,2.19,1.96,0,low,0
824,wind,storage,40.9,88.6,68,0,91,76.5,1.8,15,285,57,87.4,9.1,11.42,10.62,2.28,2.1,1,critical,6
825,solar,storage,18.9,39.6,6,0.0,244,71.2,1.6,1,364,97,19.3,6.8,8.28,4.61,3.35,2.86,2,critical,4
826,solar,distribution,31.9,76.8,47,11.4,158,87.5,3.0,7,203,75,19.9,13.9,1.3,4.62,3.91,3.65,0,low,0
827,wind,distribution,28.5,17.1,30,5.1,108,63.1,7.8,10,153,83,99.0,2.3,1.78,6.37,2.35,2.27,0,low,0
828,solar,forecast,22.3,41.3,62,11.3,244,83.4,7.6,4,365,71,72.4,10.2,1.58,5.94,2.32,2.02,4,medium,7
829,solar,forecast,25.8,54.9,55,0,38,87.5,1.0,13,244,60,47.3,16.8,5.2,14.42,2.9,2.72,5,critical,8
830,wind,distribution,33.6,8.5,37,1.9,79,68.5,5.7,19,238,90,51.0,2.4,12.8,8.67,4.79,4.36,3,medium,5
831,solar,forecast,31.7,85.3,13,0,240,90.6,5.6,12,346,62,6.8,5.9,3.8,6.6,2.83,2.76,0,low,0
832,solar,storage,37.4,72.5,33,0,36,81.8,0.5,1,104,68,21.2,9.5,11.43,0.99,2.79,2.52,2,critical,4
833,wind,production,28.5,51.9,53,4.0,62,98.2,4.6,5,213,72,72.2,13.2,2.62,1.84,2.71,2.45,3,critical,1
834,solar,production,29.8,21.5,92,8.8,216,91.4,5.4,13,267,88,46.2,10.1,5.34,1.26,1.51,1.48,1,critical,2
835,hydro,forecast,37.8,101.8,53,13.2,76,60.5,4.1,1,395,58,52.9,12.9,10.43,14.49,2.21,2.04,5,critical,8
836,solar,production,25.2,2.2,73,0,162,98.0,7.7,20,143,59,26.4,2.0,13.75,11.44,3.29,3.04,1,critical,2
837,hydro,production,22.1,22.5,58,0,252,81.8,1.8,10,69,58,84.4,8.6,9.88,2.1,3.97,3.41,0,medium,5
838,wind,forecast,21.8,45.8,83,0,149,70.7,7.9,3,73,75,95.3,20.6,12.02,1.16,2.7,2.67,4,medium,7
839,solar,distribution,25.2,70.2,11,3.1,115,94.8,7.4,3,316,91,23.3,16.3,8.4,4.35,2.25,2.17,3,medium,5
840,hydro,storage,26.7,39.4,12,0,209,94.4,6.1,1,39,75,36.6,23.6,8.6,9.61,3.12,2.97,2,medium,3
841,wind,storage,35.5,106.2,33,19.3,226,76.2,3.7,8,243,75,73.4,4.7,4.94,3.18,1.66,1.53,2,critical,4
842,wind,storage,41.8,43.8,43,10.8,162,85.1,6.1,13,359,69,82.2,19.6,12.53,2.44,2.9,2.74,2,critical,4
843,wind,production,29.0,67.5,26,0,75,86.7,3.5,10,272,90,33.1,17.4,12.06,13.23,2.41,2.23,5,critical,8
844,hydro,distribution,26.9,9.5,0,0,174,68.4,7.6,17,134,81,45.2,5.8,3.98,2.64,4.46,4.14,0,low,0
845,wind,forecast,32.0,79.1,65,8.7,32,81.2,3.3,8,359,60,37.7,18.7,4.26,1.82,3.33,2.97,4,medium,7
846,solar,distribution,22.2,98.7,78,3.3,127,84.9,3.5,17,386,56,23.7,20.0,7.04,9.98,3.33,2.94,0,low,9
847,solar,distribution,35.4,16.3,12,20.4,95,82.6,2.1,2,171,67,15.6,24.1,10.63,1.85,2.39,2.09,3,medium,5
848,wind,forecast,31.7,28.0,47,6.2,30,98.4,6.3,10,299,93,92.8,11.7,9.1,3.59,4.58,4.45,0,low,0
849,solar,distribution,20.3,47.4,19,0,234,83.5,7.9,18,380,89,57.8,9.6,7.52,7.54,2.65,2.26,0,low,9
850,hydro,forecast,41.2,93.2,19,9.0,70,65.9,7.5,16,57,91,56.6,10.8,11.82,1.6,2.46,2.15,4,critical,7
851,hydro,distribution,21.5,14.7,24,0,104,92.2,5.8,11,106,94,95.3,5.2,12.74,9.93,3.66,3.62,3,medium,5
852,wind,storage,36.9,34.1,45,0.1,126,97.3,0.7,4,301,61,68.6,4.0,5.84,1.27,4.73,4.2,2,critical,4
853,wind,production,34.0,109.8,89,0.2,259,75.4,2.4,16,172,91,91.1,16.5,4.53,3.73,3.43,3.08,1,critical,2
854,solar,production,24.6,9.1,100,9.9,258,71.2,6.6,11,90,63,71.9,10.9,4.87,3.34,3.42,3.08,1,critical,2
855,hydro,forecast,38.9,104.3,11,11.6,81,95.2,7.1,1,171,73,52.1,4.7,6.19,5.06,3.01,2.88,4,critical,7
856,solar,production,23.6,98.1,53,8.9,219,98.7,6.3,10,277,73,47.3,22.5,9.37,7.3,4.12,3.58,1,critical,2
857,wind,forecast,41.4,48.5,18,3.0,91,76.6,0.6,16,65,58,19.3,22.3,6.71,7.14,2.78,2.46,2,low,8
858,wind,production,26.9,57.5,15,5.1,109,76.4,1.0,8,18,78,16.0,24.3,5.25,2.21,1.99,1.86,1,critical,2
859,hydro,production,19.2,50.6,54,0,150,86.8,5.7,3,154,82,24.7,2.7,9.0,2.15,4.87,4.67,1,critical,2
860,hydro,forecast,36.1,72.5,100,10.3,79,60.5,7.1,20,288,78,30.7,7.0,10.72,8.12,2.2,2.16,4,medium,7
861,hydro,storage,40.6,36.5,32,0,189,74.5,5.5,11,331,99,42.9,6.4,12.3,9.88,3.51,3.13,2,critical,4
862,solar,distribution,21.2,19.8,76,0,66,91.5,3.1,6,66,90,38.2,6.8,11.06,4.38,2.58,2.55,3,medium,5
863,solar,distribution,29.3,96.9,88,0,232,87.5,2.7,4,13,58,35.1,2.5,7.81,3.64,4.16,3.7,0,low,0
864,solar,storage,37.6,8.5,82,4.2,237,98.3,0.8,6,222,76,88.5,9.5,3.6,9.83,2.59,2.34,2,critical,4
865,solar,storage,21.8,15.6,60,16.9,195,75.7,4.3,20,399,94,88.9,22.7,6.45,11.13,1.66,1.43,2,medium,3
866,solar,forecast,39.9,78.2,80,0,142,97.0,5.8,12,169,60,13.5,20.8,9.18,4.47,3.88,3.37,4,medium,7
867,solar,forecast,36.6,72.4,54,0,82,79.0,3.2,13,56,76,22.0,5.8,2.15,7.63,1.78,1.77,0,low,9
868,solar,storage,35.3,30.3,20,0,102,63.0,1.5,4,8,94,72.8,3.3,13.11,8.94,2.6,2.52,2,critical,4
869,solar,storage,32.0,93.0,71,0,176,96.6,4.0,1,250,96,25.0,22.1,10.2,8.27,2.11,1.88,2,medium,3
870,hydro,production,32.5,60.7,21,10.6,113,70.7,2.4,2,19,80,93.5,3.4,3.6,1.31,4.64,4.03,1,critical,2
871,hydro,production,32.5,60.1,74,0,68,90.2,4.6,4,266,61,64.2,13.5,4.07,2.01,4.43,4.38,1,critical,2
872,hydro,production,36.7,74.8,59,4.4,88,62.0,0.4,13,225,66,75.8,18.0,4.94,9.99,2.49,2.45,1,critical,2
873,solar,storage,23.5,84.4,81,0,192,82.5,7.2,20,288,65,92.4,3.9,1.45,12.91,2.54,2.29,2,critical,4
874,hydro,forecast,29.9,61.0,95,9.1,194,63.4,5.8,7,43,68,70.7,24.0,13.28,6.6,3.76,3.51,4,medium,7
875,solar,production,21.1,74.6,13,15.4,184,67.5,0.3,20,22,84,58.7,12.2,6.18,4.46,3.39,3.14,1,critical,2
876,wind,production,21.0,86.4,25,1.2,249,72.1,2.9,9,357,92,25.7,8.4,10.02,3.71,3.07,2.77,1,critical,2
877,solar,forecast,24.0,97.3,97,0,41,94.3,6.6,17,284,62,11.9,6.0,11.1,7.24,4.26,4.01,4,critical,7
878,solar,production,30.3,59.3,30,0,203,74.3,5.1,11,93,81,55.0,24.1,8.37,1.4,3.22,3.14,1,critical,2
879,solar,storage,33.4,53.6,98,6.5,197,68.8,5.0,14,327,56,38.2,18.7,1.74,11.68,3.5,3.27,2,critical,4
880,solar,forecast,37.3,37.2,52,6.9,63,89.5,2.5,15,95,66,56.6,20.8,1.65,12.57,1.96,1.81,4,medium,7
881,solar,forecast,23.8,19.8,73,12.4,239,94.4,1.2,20,39,80,96.4,15.2,7.21,0.63,2.61,2.54,4,medium,7
882,wind,storage,35.8,92.1,57,4.3,184,67.3,6.3,2,287,75,22.7,20.7,2.18,2.37,3.58,3.21,2,medium,3
883,hydro,distribution,20.1,97.2,65,3.5,207,79.0,1.7,10,44,58,52.7,6.2,8.31,10.28,3.23,3.11,3,medium,5
884,wind,storage,23.8,84.3,49,19.9,166,68.7,6.9,12,159,62,9.8,14.5,3.75,23.66,2.1,1.9,4,critical,3
885,solar,distribution,25.1,82.8,44,0.3,181,65.7,1.2,18,129,90,43.5,16.6,7.14,2.77,4.05,3.46,3,low,1
886,solar,forecast,22.4,75.4,27,4.5,144,98.7,3.7,4,238,87,68.3,21.3,13.89,6.39,2.2,1.93,4,medium,7
887,wind,production,32.5,57.1,14,0,202,93.9,4.7,3,202,74,47.5,2.8,1.1,11.49,4.23,4.14,1,critical,2
888,wind,distribution,19.8,69.0,15,0,150,74.6,6.9,5,313,57,39.9,2.2,13.3,3.27,2.03,1.96,3,medium,5
889,hydro,storage,37.5,72.9,81,0,141,74.3,6.5,17,133,82,28.6,20.7,4.89,1.55,2.11,1.98,2,medium,3
890,solar,production,24.2,43.6,94,0,31,62.0,7.0,16,211,95,72.6,3.2,10.78,9.81,3.74,3.54,1,critical,2
891,hydro,forecast,33.9,60.3,51,0,55,94.6,4.8,4,219,92,31.9,10.8,8.54,1.23,2.59,2.5,0,low,0
892,wind,storage,39.5,47.5,66,1.9,186,86.0,7.4,15,202,94,91.9,3.7,6.68,1.55,3.62,3.6,2,critical,4
893,solar,storage,22.2,36.5,60,4.0,239,97.9,6.4,9,261,94,89.8,3.0,9.98,4.49,1.73,1.58,2,critical,4
894,hydro,production,40.7,80.6,44,1.5,101,78.2,2.6,10,243,61,15.2,2.8,5.26,8.47,2.97,2.93,1,medium,1
895,hydro,production,40.0,84.3,4,0,215,90.5,6.9,8,77,71,14.9,7.6,2.11,8.63,2.27,2.26,1,critical,2
896,wind,forecast,37.8,48.2,89,11.7,243,75.9,6.5,18,378,92,41.1,12.0,1.1,2.56,4.02,3.93,4,medium,7
897,hydro,forecast,38.9,93.9,43,0,86,62.3,3.6,10,320,82,44.2,9.4,9.08,10.13,2.0,1.73,4,critical,7
898,hydro,forecast,22.7,26.0,51,5.8,212,86.3,4.1,12,114,83,96.7,7.7,11.94,8.33,3.7,3.34,0,low,9
899,hydro,distribution,18.9,99.4,77,5.9,71,80.9,3.3,7,79,90,47.5,12.2,2.29,1.76,1.78,1.76,0,low,0
900,hydro,production,26.1,81.4,22,0,93,92.0,2.7,14,308,71,56.4,19.7,2.39,19.96,1.78,1.59,1,medium,1
901,solar,production,26.7,98.6,90,0,118,85.0,5.8,11,86,70,21.3,21.3,13.68,4.59,4.31,4.0,1,critical,2
902,solar,forecast,31.9,61.5,86,6.8,101,66.5,6.1,12,9,71,54.6,23.9,8.17,9.58,1.95,1.88,4,medium,7
903,wind,storage,35.1,60.5,86,0,59,76.3,4.5,2,149,89,8.7,16.3,3.69,6.6,2.23,1.96,1,medium,5
904,solar,forecast,23.1,51.9,36,3.8,215,80.5,0.1,17,238,73,84.7,22.3,2.09,4.1,3.19,2.97,4,medium,7
905,solar,production,25.7,26.7,12,1.5,73,68.8,2.2,11,156,92,29.1,15.3,6.71,11.29,3.02,2.62,1,critical,2
906,hydro,storage,39.4,65.6,85,0,123,71.0,4.4,4,372,59,67.9,21.9,12.44,1.81,2.17,2.14,2,critical,4
907,hydro,storage,30.9,108.6,83,15.5,119,90.7,6.3,4,132,84,41.7,24.1,5.04,10.04,2.06,2.02,2,medium,3
908,hydro,forecast,39.2,55.1,35,0,208,67.1,0.1,6,261,65,10.0,20.3,3.41,0.88,3.1,2.74,1,low,1
909,hydro,storage,33.0,50.9,81,0,147,96.0,0.9,6,119,80,10.3,12.5,5.44,15.98,1.81,1.68,3,critical,2
910,solar,distribution,28.0,9.7,84,13.7,32,90.7,1.6,9,371,55,12.8,16.2,7.91,1.53,2.15,1.84,0,low,0
911,hydro,distribution,18.7,29.5,73,0,256,65.5,7.6,1,377,77,85.6,16.7,4.55,10.9,4.39,3.82,0,low,9
912,solar,production,19.6,105.6,49,0,104,74.5,3.1,16,220,67,32.0,15.3,4.18,0.97,2.03,1.92,1,critical,2
913,hydro,forecast,38.0,95.4,10,0,161,69.5,4.6,14,125,67,50.6,18.8,13.54,9.02,2.33,2.14,4,critical,7
914,hydro,storage,19.6,46.4,36,8.2,219,66.4,4.3,14,52,62,23.6,8.4,8.47,1.38,3.91,3.68,2,critical,4
915,solar,storage,41.2,62.7,37,0,60,60.3,0.1,14,80,73,95.2,8.6,10.2,1.56,1.67,1.6,2,critical,4
916,wind,forecast,26.1,24.3,19,0,248,76.2,0.7,10,177,99,59.6,8.7,12.85,0.15,2.55,2.38,0,low,0
917,solar,forecast,20.8,12.7,3,7.4,97,90.4,6.8,4,186,80,99.8,4.9,6.3,1.35,2.07,2.02,4,medium,7
918,hydro,storage,39.5,70.5,16,9.4,139,96.6,4.3,2,184,62,8.5,5.4,2.17,4.52,4.6,4.59,2,critical,4
919,hydro,storage,22.1,41.5,62,0.7,250,81.6,4.6,7,342,61,51.1,14.2,6.33,9.66,1.82,1.62,2,critical,4
920,wind,production,37.5,66.0,81,0,33,66.6,7.8,6,309,81,69.6,10.8,2.51,16.68,3.5,3.04,5,critical,8
921,wind,storage,26.1,15.1,81,0.7,242,64.9,5.2,19,232,95,8.0,17.9,13.82,4.97,4.18,3.56,0,low,9
922,hydro,storage,36.1,89.3,71,2.0,41,64.9,0.2,4,316,61,73.1,14.3,1.35,11.09,2.25,2.24,2,critical,4
923,wind,distribution,32.5,76.8,73,2.9,30,61.9,6.9,19,372,97,93.0,15.3,13.44,1.97,2.53,2.33,3,medium,5
924,wind,production,18.5,47.5,8,0,150,65.9,5.5,15,213,91,89.1,21.5,4.96,4.43,4.89,4.17,1,critical,2
925,hydro,production,32.9,78.3,86,1.8,239,98.3,7.2,9,124,81,50.3,9.8,7.05,3.6,3.54,3.32,1,critical,2
926,solar,production,33.6,106.8,67,0,86,62.0,4.2,18,355,87,27.6,5.3,12.01,2.9,4.76,4.23,1,critical,2
927,wind,production,23.3,65.7,85,7.0,88,67.2,4.3,16,289,60,12.1,21.6,5.82,3.03,4.67,4.12,1,critical,2
928,hydro,production,26.5,14.4,94,7.0,235,62.0,4.8,18,398,80,80.7,22.1,1.28,16.05,3.77,3.25,5,critical,8
929,hydro,storage,35.6,71.2,92,12.0,220,66.4,6.2,7,148,56,7.3,16.5,7.99,3.67,1.6,1.5,2,critical,4
930,solar,forecast,39.4,24.0,53,0,164,62.9,3.8,7,165,83,16.7,5.5,3.51,1.83,3.96,3.87,0,low,0
931,solar,storage,31.0,3.0,73,0,155,77.4,0.3,15,42,61,66.9,20.0,9.11,3.39,3.76,3.63,2,critical,0
932,hydro,storage,35.5,91.2,87,11.3,69,95.5,4.6,6,153,73,60.7,11.6,9.38,1.3,1.65,1.5,2,critical,4
933,wind,storage,22.8,68.1,92,1.2,253,82.8,4.1,17,85,78,53.7,5.5,6.15,2.11,3.68,3.57,2,critical,4
934,hydro,forecast,20.6,91.1,9,5.8,210,94.9,4.0,2,102,97,44.1,19.7,6.58,0.92,3.69,3.42,4,critical,7
935,wind,forecast,27.2,51.1,84,0,41,94.2,3.4,11,100,68,54.6,20.6,13.17,4.16,3.24,2.88,1,medium,5
936,wind,distribution,36.8,55.5,72,19.4,169,63.8,7.7,3,362,70,59.4,4.2,8.83,3.44,3.88,3.36,3,medium,5
937,wind,production,35.1,47.2,84,0,183,73.6,6.6,3,86,98,12.4,10.0,11.03,6.73,1.58,1.56,1,critical,2
938,solar,production,29.4,103.1,55,0,59,81.3,7.4,14,315,91,78.9,21.5,3.04,3.25,3.78,3.76,1,critical,2
939,hydro,distribution,35.9,62.0,91,9.0,187,60.6,2.6,10,16,84,10.4,14.7,9.87,1.89,4.13,3.77,3,medium,5
940,wind,forecast,41.6,42.1,29,3.6,124,74.3,1.2,11,245,84,15.6,21.5,6.88,11.18,4.05,3.92,0,low,9
941,wind,storage,29.8,26.2,96,13.2,230,73.5,4.0,10,52,87,15.2,6.3,5.82,0.59,4.63,4.06,2,critical,4
942,solar,storage,30.9,11.9,85,0,76,90.9,7.1,11,58,89,44.2,3.9,7.34,13.49,4.47,4.28,5,critical,8
943,wind,production,30.6,89.1,98,6.7,55,82.6,6.8,16,266,99,91.4,18.6,9.72,0.6,3.71,3.16,1,critical,2
944,hydro,forecast,38.7,13.2,41,2.9,202,82.2,0.2,10,343,95,80.4,7.7,8.19,4.0,4.44,4.43,0,low,0
945,wind,storage,28.5,72.5,5,0.1,255,80.7,0.4,16,93,69,75.4,7.6,11.08,4.3,4.42,4.05,2,critical,4
946,hydro,storage,36.1,7.5,52,0.7,206,74.5,0.9,12,105,100,37.8,5.3,13.67,6.04,3.62,3.57,2,critical,4
947,solar,production,23.1,96.7,48,0,143,81.1,1.0,6,8,79,60.0,20.8,3.27,12.92,4.33,4.07,5,critical,8
948,solar,storage,34.8,104.0,9,11.3,91,92.5,4.4,9,179,82,18.7,10.2,8.14,13.24,2.53,2.53,2,medium,3
949,hydro,forecast,27.6,45.5,47,6.8,88,82.6,6.4,3,368,92,44.3,14.4,2.49,6.49,4.41,3.89,0,low,0
950,hydro,distribution,19.6,95.3,50,17.2,138,78.0,5.7,7,311,68,55.8,23.8,2.01,2.15,4.32,3.89,0,low,0
951,solar,forecast,40.1,4.4,81,11.1,218,80.0,8.0,4,400,85,58.4,2.9,13.92,1.7,4.6,3.99,4,medium,7
952,solar,distribution,36.0,31.8,18,9.7,176,68.9,2.8,11,46,78,75.8,23.7,7.55,9.78,4.92,4.21,0,low,9
953,solar,distribution,28.2,18.0,73,0,251,96.4,0.8,6,395,65,68.2,13.7,10.4,4.81,4.69,4.46,3,medium,5
954,solar,production,20.0,2.2,5,9.9,248,97.9,4.2,16,81,87,44.1,10.1,12.51,0.97,1.58,1.4,1,critical,2
955,solar,production,41.4,80.8,69,5.8,239,85.9,7.0,15,83,79,20.3,13.2,13.84,4.28,2.03,1.87,1,critical,2
956,wind,production,20.3,107.0,0,11.9,160,81.3,1.2,15,391,80,41.5,4.6,3.81,0.78,4.0,3.71,1,medium,1
957,hydro,storage,26.8,36.0,16,7.6,67,68.5,1.9,13,314,67,56.1,3.3,12.31,4.97,3.83,3.74,2,critical,4
958,wind,production,28.5,51.5,17,0,42,97.9,6.4,13,224,82,18.9,9.3,7.13,3.97,2.54,2.51,1,critical,2
959,wind,forecast,30.4,68.3,5,8.0,47,79.2,6.7,16,163,57,58.2,22.0,1.3,1.48,3.46,2.98,0,low,0
960,hydro,production,41.3,27.4,57,12.4,214,96.6,5.5,8,184,56,51.4,2.4,1.43,9.63,2.33,1.99,1,critical,2
961,solar,storage,26.1,62.2,85,0,35,65.8,6.2,3,176,81,24.2,2.4,5.8,5.81,3.75,3.69,2,critical,4
962,hydro,distribution,27.7,76.7,84,0,235,63.5,1.0,16,230,68,38.6,8.8,7.85,4.54,4.87,4.22,0,low,0
963,hydro,distribution,22.0,86.7,73,2.7,43,72.8,6.1,13,74,61,55.9,3.1,12.5,5.75,4.79,4.2,3,medium,5
964,hydro,storage,33.7,13.1,3,4.2,48,90.7,0.9,14,128,67,37.9,25.0,10.48,2.11,3.25,3.06,2,critical,4
965,hydro,forecast,33.8,41.0,1,0,44,65.7,7.4,17,87,89,45.8,11.0,10.65,11.59,2.17,2.07,0,low,9
966,hydro,distribution,37.9,73.4,64,0,129,88.2,5.9,11,73,71,79.3,23.9,7.87,5.48,2.58,2.32,0,low,0
967,wind,distribution,37.7,37.9,56,1.5,89,82.3,3.0,12,42,76,75.1,10.1,5.05,1.67,2.48,2.3,0,low,0
968,wind,distribution,35.9,15.3,2,5.7,259,67.1,5.8,17,273,87,76.2,13.6,11.96,9.4,4.94,4.36,3,medium,5
969,hydro,production,37.2,31.7,67,4.4,52,80.6,3.5,1,153,95,33.1,15.3,1.4,7.86,3.0,2.72,1,medium,1
970,solar,distribution,19.5,13.3,74,0,187,96.1,2.7,18,97,70,91.2,11.2,10.11,3.67,3.55,3.21,3,medium,5
971,hydro,distribution,34.2,100.7,21,4.2,245,93.0,0.2,11,365,63,20.2,17.8,13.23,6.06,3.13,2.85,1,medium,7
972,hydro,production,39.3,22.2,17,5.2,102,75.4,5.1,20,137,56,37.0,20.9,13.25,0.66,1.78,1.52,1,critical,2
973,wind,distribution,41.3,82.7,97,22.1,179,99.0,6.7,19,388,58,28.0,23.3,10.3,13.97,3.08,2.92,5,critical,8
974,hydro,forecast,21.3,42.8,75,9.9,58,78.9,2.6,19,262,88,85.1,7.8,13.83,4.4,1.89,1.88,4,medium,7
975,wind,forecast,35.3,30.6,28,1.9,94,77.5,3.7,20,135,65,23.2,6.6,10.72,2.56,3.12,2.94,0,low,0
976,wind,production,37.4,17.2,5,0.5,94,66.7,7.3,3,64,83,23.9,11.1,10.6,3.23,3.19,3.02,1,critical,2
977,hydro,distribution,26.1,92.7,24,0,101,93.1,0.4,17,310,80,73.8,20.6,11.9,13.15,4.49,4.1,3,critical,6
978,solar,forecast,33.1,36.0,61,15.0,251,78.2,1.2,15,292,57,72.7,21.1,10.3,2.52,2.8,2.72,4,medium,7
979,hydro,storage,36.1,107.9,49,12.7,51,67.3,5.4,18,119,97,91.6,8.0,5.42,10.64,1.95,1.86,2,critical,4
980,wind,storage,41.5,50.0,67,12.8,173,63.9,5.1,12,297,86,97.0,10.9,12.69,0.14,3.17,3.16,2,medium,3
981,hydro,distribution,41.3,52.8,63,7.3,213,77.0,1.6,14,359,70,8.6,4.4,9.9,11.59,4.74,4.61,3,medium,5
982,solar,storage,32.0,96.0,97,2.3,54,75.8,6.1,5,258,90,75.0,13.7,6.36,5.54,2.25,2.02,0,low,0
983,wind,production,31.8,15.9,43,10.9,98,86.7,6.3,7,302,87,62.4,6.1,1.19,11.9,4.49,3.86,1,critical,2
984,hydro,production,18.4,54.1,35,0,199,63.9,4.8,18,107,92,40.3,17.0,6.0,7.19,2.92,2.91,1,critical,2
985,hydro,distribution,21.0,6.1,29,0,164,62.6,5.4,2,363,100,31.1,24.6,10.26,8.45,2.17,2.12,4,medium,3
986,hydro,storage,30.2,53.0,26,0,211,81.4,5.5,3,134,70,30.6,6.6,1.13,16.56,4.8,4.13,5,critical,8
987,wind,production,38.3,66.7,47,3.6,168,68.7,7.5,4,165,100,68.6,14.1,12.86,0.51,1.94,1.7,1,critical,2
988,wind,distribution,37.0,105.8,29,9.9,135,65.1,0.4,3,374,75,35.4,11.3,12.22,12.34,3.65,3.34,3,critical,6
989,solar,storage,39.0,101.4,85,10.0,36,98.5,7.6,13,160,86,90.9,16.5,12.67,1.75,2.57,2.2,0,low,0
990,solar,production,36.1,17.9,20,3.0,36,78.0,1.3,17,159,87,96.0,6.3,13.21,0.55,3.06,2.61,1,critical,2
991,hydro,forecast,32.1,63.8,44,12.5,151,94.6,2.5,10,53,93,22.8,14.7,6.59,6.27,2.61,2.29,0,low,0
992,wind,forecast,41.7,7.7,61,0,32,84.9,0.5,5,145,95,27.9,12.9,9.64,3.5,4.38,4.0,4,medium,7
993,wind,storage,28.3,103.4,32,0,130,73.3,5.4,1,195,96,38.2,12.5,1.82,0.92,3.64,3.25,0,low,0
994,wind,storage,31.9,104.9,49,6.2,195,87.7,2.3,7,88,86,48.6,8.0,10.98,6.08,3.49,3.03,2,critical,4
995,solar,forecast,39.8,107.6,75,7.8,54,74.7,6.0,3,23,73,16.7,14.7,5.27,10.53,3.5,3.03,4,critical,7
996,wind,distribution,35.1,37.0,30,13.9,142,67.4,5.7,19,94,76,90.1,12.4,3.43,2.76,3.54,3.29,0,low,0
997,wind,distribution,32.2,2.4,68,0,103,88.6,4.9,18,74,87,46.8,18.1,5.18,4.47,4.72,4.19,0,low,0
998,solar,distribution,29.3,74.7,80,4.2,191,97.5,3.5,7,374,69,96.2,15.9,7.41,12.49,2.91,2.49,5,critical,8
999,solar,distribution,26.4,96.0,28,0,167,86.5,0.5,14,85,93,50.8,5.2,13.68,9.05,4.82,4.63,3,medium,5
1000,wind,production,34.2,22.1,41,1.7,211,92.8,4.9,6,274,95,5.6,4.6,4.36,16.02,3.77,3.47,5,critical,8
1001,solar,storage,20.7,14.2,7,9.8,102,63.1,4.0,4,254,83,97.0,11.2,8.37,12.44,4.4,3.76,5,critical,8
1002,solar,forecast,26.4,102.7,75,0,166,60.8,0.8,15,89,56,25.4,22.1,4.59,8.68,4.26,4.02,4,critical,7
1003,wind,forecast,34.8,95.4,22,0,229,86.3,2.8,1,260,71,11.4,6.9,8.16,3.13,3.1,2.67,2,critical,7
1004,hydro,storage,31.8,99.9,21,0,186,65.7,0.4,3,295,97,83.9,7.1,13.43,12.85,1.99,1.96,5,critical,2
1005,hydro,distribution,18.4,59.1,89,0,73,86.6,1.2,18,375,65,52.2,24.8,1.36,9.48,4.97,4.24,0,low,9
1006,wind,production,24.7,39.7,43,0,43,72.4,3.5,15,175,92,11.9,19.4,7.58,19.84,4.53,3.94,5,critical,8
1007,wind,production,18.7,45.1,28,6.6,149,65.3,4.9,9,281,82,11.5,2.9,8.5,0.91,2.05,1.8,1,critical,2
1008,hydro,distribution,24.8,92.3,92,17.5,67,94.8,1.2,16,173,64,48.0,12.9,4.09,6.03,4.77,4.21,0,low,0
1009,hydro,forecast,20.2,70.2,29,0.4,61,65.2,4.3,2,336,95,8.0,23.4,5.52,16.82,3.4,3.34,5,critical,8
1010,wind,storage,31.2,34.8,100,0,164,87.2,2.9,4,222,72,92.5,19.7,6.15,0.27,4.19,3.95,2,critical,4
1011,wind,production,39.2,86.9,20,11.8,79,61.8,5.6,8,44,80,73.8,23.4,11.87,6.54,3.28,3.17,1,critical,2
1012,hydro,distribution,31.4,88.9,3,6.2,125,87.5,5.9,10,35,93,90.0,3.5,2.15,0.78,2.5,2.14,0,low,0
1013,hydro,production,36.1,64.7,67,0,192,83.6,0.5,17,138,94,11.6,12.1,13.41,2.48,2.89,2.66,1,critical,2
1014,solar,production,35.2,32.7,28,14.9,235,79.8,4.1,12,266,91,82.8,17.1,3.59,7.16,3.92,3.8,1,medium,1
1015,solar,production,36.2,78.5,11,0,108,78.8,4.7,19,172,91,24.4,5.2,7.36,7.19,4.48,4.13,1,critical,2
1016,hydro,production,21.6,24.0,7,9.6,32,68.3,7.3,6,276,87,84.5,19.5,2.04,5.59,2.36,2.23,1,critical,2
1017,solar,production,31.6,99.3,20,19.1,52,82.6,3.5,8,376,73,83.3,4.0,13.18,6.76,4.04,4.03,1,medium,1
1018,hydro,distribution,23.3,63.7,100,0,94,66.9,6.3,9,249,67,52.7,10.9,8.4,7.68,4.28,4.14,5,medium,8
1019,solar,distribution,22.6,52.7,90,15.4,202,82.7,7.3,4,329,98,67.3,19.4,13.45,3.26,3.13,2.81,3,medium,5
1020,solar,distribution,30.2,5.7,0,0,113,69.2,1.4,14,383,79,82.5,6.2,3.42,7.63,2.67,2.5,1,low,7
1021,solar,forecast,28.8,13.7,18,4.3,143,69.8,0.3,4,262,74,17.0,18.9,7.46,6.39,4.37,4.04,4,medium,7
1022,solar,storage,19.0,75.9,11,4.9,89,76.5,7.3,2,272,76,93.9,14.0,9.25,11.28,3.11,2.87,2,medium,3
1023,wind,forecast,36.1,50.1,29,0,119,93.3,5.3,17,332,93,63.8,21.0,8.42,7.71,2.15,1.97,0,low,9
1024,hydro,distribution,24.7,9.9,84,16.2,78,67.7,3.0,10,364,98,10.0,5.7,5.64,5.42,2.7,2.36,0,low,0
1025,wind,production,37.9,76.8,29,0,89,79.0,4.7,3,52,93,9.9,22.4,3.94,13.86,3.7,3.62,5,critical,8
1026,solar,production,27.7,93.3,69,0,79,96.4,3.5,13,157,94,34.6,22.8,5.43,6.03,2.13,1.88,0,low,0
1027,hydro,distribution,33.5,97.9,11,18.1,105,69.6,5.5,3,263,55,32.2,12.7,8.69,0.56,4.3,4.19,3,medium,5
1028,hydro,distribution,36.0,92.2,63,4.5,206,92.3,3.2,5,202,55,95.6,9.2,10.66,9.87,3.77,3.21,3,medium,5
1029,solar,production,39.6,21.6,86,0,223,97.9,7.7,18,332,90,58.5,21.3,13.87,5.57,2.59,2.44,1,critical,2
1030,hydro,forecast,18.2,22.0,6,8.6,173,93.3,3.2,8,208,91,93.1,6.5,6.32,1.12,3.55,3.19,0,low,0
1031,hydro,storage,39.9,85.9,36,0,66,94.7,4.7,4,150,82,73.1,7.7,4.3,0.96,3.27,3.08,2,critical,4
1032,wind,storage,34.9,15.3,23,9.3,225,80.6,5.5,5,16,62,20.7,3.3,6.98,11.28,4.84,4.37,2,critical,4
1033,wind,production,41.4,44.4,66,3.6,228,71.7,3.6,17,140,61,21.0,13.5,2.25,4.33,3.84,3.39,1,critical,2
1034,solar,distribution,32.8,56.8,78,2.7,145,87.7,7.0,13,83,61,85.3,3.9,2.83,7.24,2.47,2.28,3,low,7
1035,wind,forecast,39.6,80.7,34,2.9,141,76.4,1.1,9,326,100,11.0,24.1,12.6,0.71,4.92,4.64,0,low,0
1036,solar,production,26.1,50.9,6,0,196,75.1,6.5,14,235,72,92.5,14.8,13.02,3.99,2.06,1.99,1,critical,2
1037,solar,production,22.7,64.2,18,2.8,183,84.4,1.8,5,177,80,64.5,18.7,1.4,10.48,4.18,4.17,1,medium,1
1038,wind,distribution,35.8,5.8,29,29.7,240,66.5,1.3,14,244,69,33.8,17.0,12.5,5.94,2.6,2.41,3,medium,5
1039,wind,production,28.0,99.7,89,0,107,82.6,2.7,3,400,72,24.8,21.7,6.54,3.3,2.32,2.06,1,medium,1
1040,wind,distribution,19.8,61.7,26,0,34,91.1,0.7,10,332,83,78.8,2.3,13.48,7.01,1.63,1.55,3,medium,5
1041,hydro,forecast,25.6,80.9,54,0,150,68.4,4.9,18,147,82,71.0,8.6,6.27,2.27,2.56,2.51,0,low,0
1042,hydro,storage,40.7,85.1,31,9.8,36,68.7,2.5,16,44,99,29.9,24.4,3.07,6.81,2.37,2.29,0,low,0
1043,wind,production,39.6,11.1,22,0,219,96.1,2.9,10,229,63,27.7,8.9,4.14,5.72,1.62,1.53,1,medium,1
1044,wind,production,35.8,6.5,59,16.4,113,95.6,6.1,10,117,96,84.6,18.3,11.42,1.8,2.98,2.85,1,critical,2
1045,hydro,production,21.8,8.1,29,12.7,162,88.4,7.9,11,8,92,34.4,12.7,7.9,15.39,1.9,1.77,5,critical,8
1046,solar,production,35.4,30.5,41,8.6,220,96.5,3.1,8,153,89,15.2,15.7,12.19,1.29,4.37,3.95,1,low,0
1047,solar,storage,30.4,41.2,4,3.1,74,72.4,5.1,15,307,66,90.7,7.8,9.51,1.12,3.95,3.46,2,critical,4
1048,solar,production,35.8,91.2,14,21.3,84,82.4,6.6,20,109,61,55.7,2.6,13.54,0.45,4.33,4.17,1,critical,2
1049,wind,production,22.3,57.4,8,0,140,68.9,1.3,8,301,86,28.2,23.0,1.49,4.34,4.65,4.44,1,critical,2
1050,hydro,storage,28.2,56.5,52,2.1,181,79.5,2.4,7,91,82,21.0,22.5,5.49,0.91,1.57,1.56,4,medium,5
1051,wind,forecast,39.6,78.8,20,13.8,162,60.0,3.3,10,362,79,76.3,13.6,5.73,5.24,2.39,2.03,0,low,0
1052,wind,storage,31.4,12.5,42,0,162,70.6,6.2,20,117,77,66.2,16.5,11.45,0.96,3.2,2.72,2,medium,3
1053,solar,distribution,36.4,48.0,65,0,138,62.8,1.0,9,375,69,49.1,18.5,8.95,1.11,3.4,3.07,3,medium,5
1054,wind,distribution,34.2,77.0,93,10.5,245,70.6,4.6,16,196,90,52.9,18.7,1.24,5.9,1.71,1.49,0,low,0
1055,hydro,production,38.1,7.1,26,9.2,40,60.4,5.5,1,196,68,64.9,4.8,12.77,2.42,2.98,2.69,1,critical,2
1056,solar,distribution,27.3,70.5,80,5.4,118,84.6,5.3,10,93,78,26.7,16.0,6.35,1.65,1.92,1.76,0,low,0
1057,hydro,forecast,29.2,75.8,28,0,131,76.8,6.5,3,258,93,13.5,14.6,2.95,10.2,4.85,4.5,0,low,9
1058,hydro,production,21.4,51.4,2,15.9,48,70.2,6.4,1,139,76,21.0,4.7,5.29,3.63,2.48,2.22,1,critical,2
1059,solar,forecast,19.6,60.5,8,0,125,74.4,3.7,3,310,74,38.1,16.8,7.32,5.53,4.78,4.75,0,low,0
1060,solar,distribution,41.7,23.6,19,0.7,193,75.5,4.5,2,171,75,19.7,23.1,7.85,14.87,4.63,4.4,3,critical,6
1061,wind,production,23.8,81.3,30,4.6,141,73.1,7.2,2,378,98,59.8,23.1,8.7,19.2,1.54,1.38,1,critical,2
1062,solar,storage,28.8,98.1,15,0.2,134,63.0,0.8,2,44,71,42.4,23.4,3.52,16.9,3.25,2.91,5,critical,8
1063,wind,forecast,32.6,5.5,4,9.7,248,74.1,1.1,9,83,90,50.7,20.3,10.48,3.26,2.7,2.51,4,medium,7
1064,solar,distribution,30.0,3.5,99,0,93,65.0,5.2,19,65,77,9.2,17.6,8.05,4.83,3.56,3.32,3,medium,5
1065,wind,forecast,18.2,55.7,68,0,168,91.9,5.6,11,317,70,70.7,20.1,1.9,1.64,4.31,4.1,4,medium,7
1066,wind,distribution,29.1,94.9,98,19.2,87,62.9,4.1,11,6,93,88.3,10.5,10.32,12.39,2.91,2.66,5,critical,8
1067,hydro,distribution,18.2,74.2,82,12.2,218,62.3,5.6,2,172,96,44.8,23.0,1.96,1.25,3.19,3.15,0,low,0
1068,solar,distribution,41.7,31.7,51,6.9,189,79.5,5.2,11,235,66,81.9,24.5,13.17,14.28,3.32,2.94,1,critical,5
1069,hydro,storage,37.1,83.1,42,0,138,84.9,0.9,2,15,82,76.3,20.3,4.01,5.19,1.99,1.98,2,medium,3
1070,hydro,forecast,26.8,73.5,10,0,85,72.4,0.5,14,259,73,54.5,2.4,13.97,0.64,1.54,1.52,0,low,0
1071,hydro,storage,27.4,76.4,38,4.7,140,70.6,5.6,4,158,90,57.4,23.8,7.56,15.04,4.25,4.13,5,critical,8
1072,solar,forecast,30.1,23.0,22,19.6,90,66.3,6.4,4,210,59,47.6,15.4,13.3,0.65,3.07,3.03,4,medium,7
1073,hydro,storage,24.3,2.4,19,8.6,105,85.2,4.2,14,230,95,76.5,20.5,1.15,0.38,4.56,4.03,0,low,0
1074,hydro,forecast,23.9,74.3,71,7.9,35,85.6,3.0,20,93,100,52.6,23.7,3.39,0.1,3.86,3.4,4,medium,7
1075,wind,production,41.5,82.7,48,12.6,129,79.9,4.4,20,168,98,63.1,24.1,13.27,6.2,2.2,2.17,5,critical,5
1076,wind,forecast,18.2,103.7,41,9.3,168,67.5,1.0,4,229,87,70.8,24.7,6.42,3.87,3.66,3.18,4,critical,7
1077,solar,storage,23.3,10.7,75,0,87,97.8,3.4,5,315,84,80.2,17.7,6.83,0.06,2.83,2.66,2,medium,3
1078,hydro,forecast,25.2,93.7,88,0.8,56,86.8,7.2,2,57,76,67.1,21.1,12.12,8.46,3.56,3.24,4,critical,7
1079,wind,production,19.4,17.5,37,0,255,76.3,0.1,7,274,61,86.3,5.4,8.24,12.98,3.67,3.2,5,critical,8
1080,hydro,distribution,33.6,9.5,55,0,52,89.7,7.9,11,66,75,20.4,9.7,11.19,1.75,4.77,4.61,3,medium,5
1081,hydro,forecast,18.5,29.7,79,0,114,62.0,5.7,8,129,66,31.7,24.5,12.46,3.8,3.83,3.4,4,medium,7
1082,hydro,distribution,29.5,43.3,14,19.6,61,97.5,0.1,16,306,71,73.5,18.2,2.0,3.41,2.58,2.45,0,low,0
1083,solar,forecast,18.2,27.9,47,4.1,119,91.1,0.5,1,310,91,24.9,17.3,3.82,0.17,4.07,3.49,4,medium,7
1084,solar,storage,30.2,104.2,83,7.0,30,81.9,4.1,13,377,87,97.9,13.3,4.19,1.01,2.6,2.31,2,medium,3
1085,hydro,distribution,28.9,13.0,79,0.7,95,66.6,4.0,20,314,82,75.6,19.0,10.13,16.45,2.73,2.7,3,critical,6
1086,hydro,forecast,31.3,37.4,53,0,229,66.6,1.4,11,349,85,36.7,23.4,10.4,11.22,4.86,4.17,0,low,9
1087,wind,forecast,27.3,36.2,90,9.3,152,88.9,1.4,17,386,60,93.5,23.4,4.67,8.66,2.59,2.42,4,medium,7
1088,hydro,forecast,35.0,46.3,96,3.9,140,63.2,5.8,3,203,65,84.4,23.9,2.96,2.36,2.74,2.67,4,medium,7
1089,solar,distribution,23.5,36.2,71,0,51,80.4,3.8,19,184,63,48.8,8.5,6.85,5.57,4.06,3.92,0,low,0
1090,solar,production,30.1,20.5,62,5.5,30,84.1,2.5,11,33,64,57.5,23.3,10.06,4.05,2.57,2.39,1,medium,1
1091,wind,forecast,19.7,34.9,25,8.0,167,87.8,4.0,2,362,74,24.8,11.1,7.75,0.11,4.45,3.82,0,low,0
1092,solar,forecast,22.2,109.3,14,8.7,104,87.9,5.0,19,200,81,60.8,11.8,8.22,0.43,3.26,3.12,4,critical,7
1093,solar,distribution,34.8,106.1,63,0,55,76.1,3.8,17,299,69,90.4,6.9,7.2,17.5,4.58,3.9,5,critical,8
1094,hydro,forecast,34.6,26.8,88,4.9,174,90.9,0.4,17,232,76,9.5,9.1,6.68,6.23,2.09,1.93,4,medium,7
1095,solar,distribution,41.8,98.4,100,0,73,90.2,3.7,4,138,80,72.5,16.5,11.82,3.58,4.48,3.82,3,medium,5
1096,hydro,distribution,39.5,62.0,25,0,31,73.1,4.2,13,347,87,92.3,17.2,11.09,13.2,1.65,1.41,5,critical,9
1097,hydro,forecast,24.4,63.8,19,3.7,69,75.3,8.0,14,97,79,57.1,11.1,3.04,4.49,4.83,4.18,0,low,0
1098,solar,forecast,38.5,2.6,44,0,201,79.0,5.4,15,313,55,76.5,23.8,2.46,6.28,3.98,3.75,4,medium,7
1099,hydro,production,32.0,94.9,53,0,134,91.9,1.8,1,53,67,8.3,4.0,8.49,7.65,4.07,3.82,0,low,9
1100,solar,forecast,39.2,54.0,57,0,114,98.9,6.6,9,53,74,47.7,20.5,10.87,1.4,4.37,3.86,0,low,0
1101,wind,storage,33.2,34.4,98,12.6,146,76.3,0.2,18,143,57,58.8,21.4,2.53,1.14,3.65,3.36,2,critical,4
1102,hydro,distribution,20.3,85.5,100,0,91,89.8,5.7,3,323,97,57.3,13.4,11.82,4.25,4.61,4.07,3,medium,5
1103,hydro,storage,19.3,42.9,48,6.7,92,61.6,5.4,14,175,68,45.9,7.8,10.09,9.59,3.52,3.14,2,critical,4
1104,solar,production,24.1,82.5,76,1.8,193,60.1,5.6,1,290,57,12.2,12.8,1.98,5.5,2.79,2.58,1,critical,2
1105,hydro,production,33.4,34.7,1,5.8,255,87.7,6.2,2,281,87,16.3,10.5,8.65,8.64,4.92,4.2,1,critical,2
1106,hydro,production,34.3,24.1,4,1.8,231,92.4,4.7,2,222,76,9.2,9.7,10.02,1.63,4.5,3.88,1,critical,2
1107,wind,forecast,38.7,92.6,94,0,207,67.9,5.3,7,390,95,88.2,6.6,13.89,0.99,4.91,4.38,4,critical,7
1108,wind,production,28.7,24.1,39,0,150,71.9,3.9,19,22,83,70.1,9.0,9.64,5.82,2.68,2.44,1,critical,2
1109,hydro,storage,32.4,37.0,5,0,254,97.9,6.6,18,56,78,44.5,6.2,4.86,10.26,3.79,3.48,2,critical,4
1110,hydro,distribution,29.9,24.8,26,0,217,68.4,2.9,2,221,81,91.7,24.1,1.65,11.91,4.0,3.62,0,low,9
1111,solar,storage,30.6,14.5,47,0,214,71.0,7.9,19,254,83,87.7,12.2,7.63,0.16,2.18,2.13,2,medium,3
1112,solar,production,19.6,94.0,89,9.6,226,92.7,7.3,2,330,89,98.0,6.6,4.89,0.04,3.42,2.95,1,critical,2
1113,solar,forecast,37.2,17.1,63,10.2,220,67.5,5.7,2,104,99,61.6,3.8,8.57,5.16,2.97,2.75,4,medium,7
1114,solar,forecast,30.5,32.6,59,0,256,67.6,3.4,16,255,62,78.8,7.7,11.48,8.78,3.43,2.94,0,low,9
1115,hydro,distribution,30.5,25.5,7,0,81,85.7,6.2,5,400,62,66.1,13.7,6.34,12.96,1.56,1.42,3,critical,6
1116,hydro,distribution,22.4,46.4,20,0,148,95.0,1.6,4,147,60,12.2,5.4,1.84,6.45,3.36,3.18,0,low,0
1117,solar,distribution,40.9,56.0,97,0,39,82.0,3.9,5,225,100,40.4,24.3,8.12,3.42,1.68,1.48,2,medium,3
1118,solar,distribution,32.5,51.5,92,19.6,128,60.2,1.9,6,59,63,72.1,21.8,8.24,3.29,2.33,2.04,3,medium,5
1119,hydro,distribution,39.7,42.5,91,0,172,91.7,1.5,17,348,74,71.2,16.3,2.07,7.48,4.13,3.51,0,low,9
1120,hydro,forecast,22.0,23.3,16,0,55,92.0,4.9,11,264,69,83.7,11.1,5.66,0.01,2.44,2.09,0,low,0
1121,solar,forecast,25.8,57.1,22,4.5,106,66.1,0.8,20,245,55,57.5,19.9,5.51,13.68,2.16,2.05,5,critical,8
1122,solar,production,37.0,55.2,43,0,78,72.0,5.9,17,288,55,10.9,22.2,10.31,4.93,2.59,2.54,1,critical,2
1123,wind,storage,39.2,101.0,5,12.2,123,88.7,6.0,10,220,59,31.2,7.7,8.81,3.06,4.37,4.07,2,critical,4
1124,hydro,storage,37.6,99.9,52,0,98,76.9,0.4,19,205,77,35.2,21.2,7.5,8.91,2.88,2.57,2,medium,3
1125,hydro,storage,20.3,72.9,19,0,151,97.0,4.6,6,16,72,37.3,7.6,7.35,6.68,4.28,4.13,2,critical,4
1126,solar,forecast,20.1,64.9,100,8.0,212,71.5,1.4,3,180,71,25.6,2.4,6.93,11.61,4.61,4.52,4,medium,7
1127,wind,forecast,41.5,104.3,33,9.2,114,70.2,1.7,12,333,57,49.3,6.6,1.34,6.18,4.33,4.16,4,critical,7
1128,hydro,production,29.1,55.0,76,11.7,76,62.4,7.6,13,46,69,40.7,5.5,8.52,8.01,3.45,2.99,1,critical,2
1129,wind,forecast,29.3,55.6,79,0,117,64.4,4.5,9,244,57,72.1,7.8,7.58,0.45,2.31,2.04,4,medium,7
1130,wind,production,27.1,16.9,92,0,118,74.7,2.3,19,286,90,88.1,6.6,2.94,7.33,1.89,1.85,1,critical,2
1131,solar,production,32.0,17.6,55,12.5,34,91.7,2.5,20,277,63,98.6,24.5,3.07,2.05,3.4,3.39,1,critical,2
1132,hydro,storage,24.1,99.0,62,1.2,186,92.5,1.9,18,289,67,70.3,11.7,9.22,4.74,2.66,2.63,2,critical,4
1133,solar,distribution,25.0,91.0,46,10.9,202,86.5,6.9,5,388,72,79.3,23.7,13.41,18.03,4.28,4.02,5,critical,8
1134,wind,storage,40.2,20.9,36,0,136,69.3,2.5,9,392,79,74.4,18.6,6.97,4.68,3.08,2.73,2,medium,3
1135,wind,production,34.0,12.6,60,3.7,220,81.7,2.3,6,304,57,92.9,24.0,10.43,17.17,4.88,4.4,4,critical,7
1136,hydro,forecast,34.5,108.8,26,2.4,209,68.1,0.2,17,141,87,17.0,12.7,6.83,3.71,1.51,1.37,4,critical,7
1137,wind,forecast,32.3,31.9,66,0,154,65.2,0.6,7,253,99,62.3,13.6,6.96,7.35,3.8,3.52,4,medium,7
1138,hydro,production,36.7,103.7,4,0,144,86.8,3.7,4,199,83,90.2,14.4,8.55,3.68,2.26,2.25,1,medium,1
1139,solar,production,22.8,76.3,66,3.3,98,61.9,0.8,6,19,61,74.3,17.0,10.46,6.14,4.8,4.61,1,critical,2
1140,hydro,storage,22.5,48.1,23,0,257,88.6,6.5,10,65,64,56.8,24.4,6.35,19.5,2.29,1.98,4,critical,4
1141,hydro,forecast,29.7,17.8,67,13.0,200,89.8,0.0,11,75,83,91.8,17.2,9.09,3.89,1.97,1.74,1,medium,6
1142,wind,production,37.2,98.3,61,0,185,72.4,1.1,13,107,81,98.6,23.3,10.89,4.68,3.13,2.67,1,critical,2
1143,solar,storage,22.2,35.9,28,0,167,81.8,2.1,5,353,85,64.2,23.0,5.78,0.86,3.93,3.48,4,low,1
1144,hydro,storage,37.2,67.7,82,8.6,241,78.8,2.8,8,274,66,23.0,15.7,11.16,1.68,1.81,1.61,4,critical,1
1145,wind,production,24.2,7.7,16,0,202,94.5,6.4,5,385,59,15.0,19.4,11.37,3.08,3.25,3.22,1,critical,2
1146,solar,forecast,21.4,76.1,26,0,76,69.8,7.0,19,39,60,57.7,9.4,5.74,8.68,1.98,1.94,0,low,9
1147,wind,storage,34.8,70.6,47,0,30,63.9,5.9,6,224,97,64.9,11.8,12.98,4.97,2.89,2.49,0,low,0
1148,wind,forecast,19.7,46.2,68,0,235,61.0,4.6,12,375,78,11.6,14.3,13.5,10.83,2.01,1.95,4,medium,7
1149,solar,forecast,29.8,79.7,14,2.3,124,92.9,2.7,15,366,91,33.0,9.4,8.32,4.88,4.55,4.09,4,medium,7
1150,solar,storage,34.6,3.5,81,0.3,44,80.1,0.3,19,399,70,41.2,21.7,5.65,10.36,3.89,3.76,2,critical,4
1151,wind,forecast,42.0,51.7,44,0,252,62.9,4.3,11,388,81,32.4,15.2,4.09,9.35,2.54,2.29,0,low,9
1152,wind,distribution,20.2,59.1,56,0.3,120,62.2,3.5,8,247,95,7.1,21.2,11.36,13.01,4.16,3.63,5,critical,8
1153,hydro,distribution,27.6,51.9,19,0,130,75.3,1.8,3,349,68,50.9,10.6,6.62,12.89,2.08,1.93,3,critical,6
1154,hydro,production,21.8,74.9,36,9.5,167,77.7,7.7,10,60,58,84.2,7.1,8.8,11.42,2.13,1.88,1,critical,2
1155,solar,production,37.0,8.8,34,0,36,64.3,5.3,15,261,76,91.4,7.1,8.55,2.9,3.91,3.77,1,critical,2
1156,wind,forecast,27.6,82.4,92,0,171,98.2,7.0,4,36,70,39.3,7.8,6.13,19.86,3.38,2.92,5,critical,8
1157,wind,forecast,25.2,11.8,90,11.7,101,73.9,7.3,6,34,81,21.6,21.5,9.84,9.86,2.86,2.69,4,medium,7
1158,wind,storage,20.9,46.8,12,0,128,89.7,7.1,1,337,56,43.7,22.8,5.12,8.16,1.7,1.67,2,critical,4
1159,solar,storage,30.9,98.5,6,3.3,206,61.7,5.4,1,180,69,47.2,12.0,5.75,6.1,1.53,1.49,2,critical,4
1160,solar,forecast,23.9,43.0,4,6.2,146,60.7,3.6,16,116,88,27.1,11.2,9.99,7.46,3.8,3.68,4,medium,7
1161,wind,production,23.0,62.6,32,4.3,92,84.9,5.7,16,245,93,5.1,13.6,10.71,6.71,3.32,3.22,1,critical,2
1162,wind,storage,18.2,4.4,61,0.7,103,67.5,5.9,18,288,100,34.6,16.6,4.52,0.6,3.67,3.31,0,low,0
1163,hydro,production,29.3,54.6,13,16.6,61,81.6,4.4,6,226,79,10.7,6.3,6.82,5.37,4.66,4.39,1,medium,1
1164,solar,distribution,20.9,26.6,53,1.8,212,91.3,6.8,16,43,67,89.9,4.2,7.64,9.14,2.93,2.54,0,low,7
1165,solar,production,31.6,54.5,56,0,159,60.6,4.7,14,240,89,33.7,6.5,4.31,5.25,2.76,2.68,1,critical,2
1166,hydro,forecast,35.8,102.3,56,12.0,100,85.4,0.3,2,160,98,62.8,22.0,5.64,5.79,2.06,1.96,4,critical,7
1167,solar,distribution,20.6,90.4,19,4.5,146,62.9,1.3,2,340,80,6.0,18.5,7.03,5.62,4.9,4.5,0,low,0
1168,solar,storage,37.8,53.8,17,12.2,213,96.0,3.3,13,314,91,42.0,22.8,8.54,8.11,2.14,1.87,2,medium,3
1169,hydro,distribution,27.4,96.0,55,0.8,34,92.0,3.6,5,117,67,62.5,16.2,3.0,9.61,3.06,3.0,0,low,9
1170,solar,storage,34.6,4.3,68,13.4,31,89.2,6.4,7,47,84,46.0,18.0,9.4,16.6,4.57,4.06,5,critical,8
1171,hydro,storage,25.6,50.3,85,19.1,219,96.6,5.2,6,117,59,16.0,23.7,6.23,7.82,4.38,3.76,2,critical,4
1172,wind,production,25.1,40.6,9,1.6,253,82.3,7.5,2,354,87,34.2,21.6,1.68,6.37,4.22,3.84,1,critical,2
1173,wind,forecast,18.5,39.8,76,12.7,192,65.1,7.2,2,6,89,16.5,12.6,7.7,4.26,3.96,3.56,4,medium,7
1174,wind,storage,19.7,3.7,47,0,210,98.6,6.3,16,153,57,23.0,24.3,2.75,17.39,4.26,3.85,5,critical,5
1175,hydro,production,34.9,14.8,11,0,213,60.2,1.8,5,41,66,21.6,3.4,7.58,0.21,2.33,2.3,0,critical,6
1176,solar,storage,34.1,54.8,65,10.4,195,90.3,4.3,17,305,66,70.8,11.4,10.83,5.69,3.12,2.92,2,critical,4
1177,wind,distribution,18.2,71.7,28,0.0,144,70.7,3.6,1,29,100,56.2,13.3,2.56,6.93,4.74,4.42,0,low,0
1178,wind,distribution,35.9,85.1,63,0,223,66.2,5.9,10,254,56,78.4,5.3,1.41,2.52,1.93,1.69,0,low,0
1179,solar,distribution,22.7,47.9,15,14.6,120,88.1,7.1,15,66,94,30.9,9.8,8.16,10.93,3.32,2.95,3,medium,5
1180,wind,storage,35.2,92.5,71,6.1,58,85.6,2.0,16,134,58,98.8,18.7,6.93,1.89,2.59,2.53,2,critical,4
1181,wind,storage,18.2,101.2,77,12.6,243,76.7,3.5,12,27,87,59.5,15.0,4.93,6.62,2.01,1.99,2,medium,3
1182,solar,production,21.8,90.6,45,0.6,180,76.5,3.6,3,81,56,62.5,11.4,1.44,0.5,2.91,2.82,1,critical,2
1183,solar,distribution,36.9,26.2,8,5.8,54,94.6,6.3,6,242,64,47.7,12.3,13.11,0.95,2.34,1.99,3,medium,5
1184,wind,production,41.6,71.0,78,13.6,41,84.0,3.0,8,297,73,29.3,3.9,6.17,2.03,4.26,3.93,1,medium,1
1185,hydro,distribution,41.5,25.3,59,1.1,149,82.8,2.6,10,127,82,77.2,21.7,12.45,3.91,1.91,1.63,3,medium,5
1186,wind,production,35.1,18.1,12,18.6,145,93.1,1.1,6,352,91,46.8,24.4,6.21,10.9,2.3,2.27,1,medium,1
1187,wind,forecast,37.1,100.9,74,6.8,130,83.0,0.9,17,138,58,72.4,7.5,3.98,2.7,2.86,2.65,1,critical,6
1188,solar,storage,21.8,9.9,27,2.8,122,79.8,0.4,7,59,58,76.8,6.3,3.88,7.19,3.15,2.85,2,critical,4
1189,wind,forecast,41.9,46.8,53,11.9,85,91.1,6.5,4,217,73,12.0,15.7,5.61,6.41,4.24,3.98,0,low,0
1190,wind,storage,35.7,106.3,61,8.2,90,64.7,5.2,9,255,96,30.8,18.0,1.45,0.42,4.29,3.71,0,low,0
1191,wind,forecast,22.7,101.9,44,0,132,81.6,3.8,18,150,99,91.5,22.9,10.46,2.08,4.51,4.47,4,critical,7
1192,wind,distribution,31.6,66.4,7,8.5,126,97.6,7.7,15,357,63,18.9,6.1,6.4,5.93,3.99,3.98,0,low,0
1193,solar,storage,18.4,90.8,30,0,107,98.1,6.1,19,385,100,43.9,6.1,10.57,1.21,4.82,4.72,2,critical,4
1194,hydro,distribution,24.6,68.5,39,8.9,221,72.5,6.5,9,91,70,11.8,21.9,5.87,1.04,1.5,1.32,0,low,0
1195,hydro,forecast,31.6,65.2,88,11.3,88,78.1,2.4,11,144,78,25.4,12.3,4.11,14.6,3.84,3.73,5,critical,8
1196,solar,production,22.1,47.6,86,0,219,68.4,7.1,13,385,71,50.2,5.6,3.79,1.36,1.77,1.63,1,critical,2
1197,solar,production,18.5,95.9,40,13.9,217,90.1,7.5,14,295,83,88.0,19.2,10.3,2.91,4.17,3.55,1,critical,2
1198,hydro,storage,25.1,49.2,67,0,130,73.7,5.9,6,251,67,89.8,17.9,3.15,26.66,2.4,2.26,5,critical,8
1199,hydro,storage,26.2,40.7,54,0,158,75.1,2.4,20,129,67,48.4,7.7,5.99,10.46,4.08,3.78,2,critical,4
